id,t,y,g
1,1,.9284686230823184,3
1,2,-.8587640260952172,3
1,3,1.573757260979307,3
1,4,-.6721563591482819,3
1,5,.0168322671399583,3
2,1,.8226073227273265,3
2,2,-.6028868395524976,3
2,3,.3096455690472704,3
2,4,2.178290126730092,3
2,5,2.247980015685604,3
3,1,.3231372926405572,3
3,2,1.188097038819129,3
3,3,-.4771391373634225,3
3,4,-1.279358173018182,3
3,5,-1.434495895273482,3
4,1,-2.052051035220559,3
4,2,-3.470405089929543,3
4,3,-1.274716474647209,3
4,4,-2.374108543554198,3
4,5,-2.684847719963827,3
5,1,-1.216915566445987,3
5,2,-.8305184684968279,3
5,3,-.9420141332488005,3
5,4,-.824746400853179,3
5,5,-1.443281148297848,3
6,1,.1475987629690351,3
6,2,-.7956042648635269,3
6,3,-.0902720721890653,3
6,4,-.4797605907799212,3
6,5,-.4313911630176821,3
7,1,2.153493118221014,3
7,2,1.250632046585901,3
7,3,1.557834316682076,3
7,4,1.936365513998492,3
7,5,2.771012498209537,3
8,1,-.238680252041219,3
8,2,2.146592089110542,3
8,3,-.228669205618928,3
8,4,-.6184785250374698,3
8,5,-.3083945288809697,3
9,1,1.465089535546892,3
9,2,.6425162989696838,3
9,3,2.662246530785174,3
9,4,.6503231885168811,3
9,5,2.567721063120461,3
10,1,.8715577459684207,3
10,2,2.229442419513465,3
10,3,.7743867638004739,3
10,4,2.292285586567437,3
10,5,-.1290615136323742,3
11,1,2.233283751817621,3
11,2,3.034581295860176,3
11,3,1.272834892175803,3
11,4,2.966404318230819,3
11,5,3.983228478958058,3
12,1,1.64505186386404,3
12,2,1.103301834940556,3
12,3,2.58621729168811,3
12,4,2.929354481582835,3
12,5,1.575256117569069,3
13,1,.7087821502721999,3
13,2,-.0775778798027962,3
13,3,.4990139417241398,3
13,4,.8167721999465771,3
13,5,-.1202890676646589,3
14,1,-.3967659167603,3
14,2,1.266235971808767,3
14,3,-.1884666702351628,3
14,4,.1810156391785943,3
14,5,.8023046773956334,3
15,1,-.0980076868872355,3
15,2,-.8334750955365775,3
15,3,.1068913900627111,3
15,4,1.251528151659425,3
15,5,2.433367993546793,3
16,1,.9968903494739085,3
16,2,-.1039216793845185,3
16,3,-.159461417529134,3
16,4,1.57553476931599,3
16,5,.4326592154109148,3
17,1,.002698355502127,3
17,2,.4276244311281071,3
17,3,2.165522013647711,3
17,4,2.048654956872786,3
17,5,1.949654385660992,3
18,1,-2.422034104924626,3
18,2,1.203671284428722,3
18,3,1.493598672180741,3
18,4,-1.926043758721624,3
18,5,2.053874695705477,3
19,1,1.549608662424679,3
19,2,.3557350125322174,3
19,3,-.4634773617333885,3
19,4,2.803137912972165,3
19,5,1.058928690672462,3
20,1,-.7213926656925398,3
20,2,.7219228343174502,3
20,3,3.185085032876391,3
20,4,2.03033446370386,3
20,5,2.867860621517279,3
21,1,-.0666363638747622,3
21,2,-.3205465268696938,3
21,3,.1195194917872648,3
21,4,.089213570356452,3
21,5,1.483151329060354,3
22,1,-.3674251258194207,3
22,2,.5818987547005645,3
22,3,1.776851782211287,3
22,4,.8933515774660763,3
22,5,3.366948604221287,3
23,1,.8571441870456342,3
23,2,2.611429521127009,3
23,3,.9756376376272209,3
23,4,1.928123792913899,3
23,5,1.727573225281267,3
24,1,2.685197178542134,3
24,2,1.962174825837549,3
24,3,2.051864869733362,3
24,4,.8984498227035338,3
24,5,3.090564463545742,3
25,1,-2.00228853294755,3
25,2,.0608950459719391,3
25,3,-.2675979658859453,3
25,4,-1.358892862463589,3
25,5,-.9654052367352874,3
26,1,.4527230981514301,3
26,2,-.5550488171799444,3
26,3,.4956500822035588,3
26,4,2.652209824736416,3
26,5,1.633516101096757,3
27,1,-.9416159926005989,3
27,2,-.4369456264138836,3
27,3,.1775699608830581,3
27,4,.5282102294682656,3
27,5,2.005797682992325,3
28,1,-2.225456993558071,3
28,2,-1.817754674651505,3
28,3,-.7374387309001669,3
28,4,-.3323205906008747,3
28,5,.3198427849467965,3
29,1,-.7734256714455559,3
29,2,.820246493802863,3
29,3,-1.070190353109632,3
29,4,.3251455655420079,3
29,5,.2941103419294482,3
30,1,.7528220758188688,3
30,2,-.0786598466085904,3
30,3,2.016312755833793,3
30,4,1.545761650491899,3
30,5,.4503362034226857,3
31,1,1.483054229448932,3
31,2,.6408703488300418,3
31,3,3.586982170165835,3
31,4,.7822263372267932,3
31,5,2.8879026826899,3
32,1,-.3222455590699607,3
32,2,.3614724632721094,3
32,3,1.150157284061894,3
32,4,-.6722114340756864,3
32,5,2.602357236218937,3
33,1,-1.563409905596678,3
33,2,-.4106257520411157,3
33,3,1.117257091889675,3
33,4,.770627778472578,3
33,5,1.413620262844588,3
34,1,.1288482084635006,3
34,2,-.7605006928835303,3
34,3,1.481589188443441,3
34,4,1.98631147974177,3
34,5,1.040355559190225,3
35,1,.7562547579424634,3
35,2,-.4669048802004447,3
35,3,1.824198258922814,3
35,4,.9639985276348553,3
35,5,.6832897888479701,3
36,1,.9026440720819487,3
36,2,1.357024189378055,3
36,3,.8098750591551296,3
36,4,1.862795942181222,3
36,5,2.550295818391821,3
37,1,-.365271387524406,3
37,2,-2.070068511597808,3
37,3,-1.000001195686691,3
37,4,.7256169962338483,3
37,5,.3960676188641178,3
38,1,-1.525352841679238,3
38,2,.2537700731661943,3
38,3,1.323244922905901,3
38,4,1.064773086281375,3
38,5,1.396620225248793,3
39,1,1.888127856922087,3
39,2,-.3009248924523028,3
39,3,3.639464269167608,3
39,4,-.0893268208756068,3
39,5,2.897031778714269,3
40,1,1.514076065478769,3
40,2,2.036993402091174,3
40,3,1.00893481141858,3
40,4,.892843373033589,3
40,5,2.751096900571921,3
41,1,-1.465975321238205,3
41,2,-.581489541647332,3
41,3,-.451575071248944,3
41,4,-1.851937780350871,3
41,5,.0850075287851938,3
42,1,-2.530379824164153,3
42,2,.251241154615457,3
42,3,-1.128973668223292,3
42,4,-.6797950222457745,3
42,5,.5458272412398647,3
43,1,.9314975543857951,3
43,2,.4719821256983416,3
43,3,1.590629845490831,3
43,4,2.63769832790533,3
43,5,1.73066836036997,3
44,1,.0116971380066596,3
44,2,-.4247364154090335,3
44,3,1.121752140086264,3
44,4,2.516273442058135,3
44,5,1.611117171865124,3
45,1,.4829773188446767,3
45,2,-1.043452878595717,3
45,3,-.5363860279652597,3
45,4,-1.233359897526149,3
45,5,-.396519808103856,3
46,1,1.439533894728526,3
46,2,2.962258316315144,3
46,3,1.337786662525934,3
46,4,2.625854085384435,3
46,5,1.334048551909874,3
47,1,.0380947088146512,3
47,2,1.399748494988977,3
47,3,1.570797488807271,3
47,4,1.66550062169351,3
47,5,.5506594460754136,3
48,1,2.369739983094197,3
48,2,3.582508721253178,3
48,3,.6694970685906109,3
48,4,.9158489367397903,3
48,5,1.887072659257106,3
49,1,-.0089473717003275,3
49,2,1.258711209894251,3
49,3,2.110129618009756,3
49,4,-.5485517235371946,3
49,5,.344551901388012,3
50,1,1.503167460652623,3
50,2,-1.630264597346604,3
50,3,1.727940058922611,3
50,4,.0963501534539752,3
50,5,.8179954528685647,3
51,1,.8212619703554926,3
51,2,-.276723475109839,3
51,3,-1.591795851588598,3
51,4,-1.871399098934206,3
51,5,.6977085652329065,3
52,1,.6269942024436193,3
52,2,-.5062981997126942,3
52,3,-.9166830686081821,3
52,4,-.7364488731719061,3
52,5,-.8269398222441952,3
53,1,3.200561992620068,3
53,2,2.071486023056451,3
53,3,1.608361672156015,3
53,4,2.134905416029657,3
53,5,.8257586575598022,3
54,1,1.536026040050758,3
54,2,1.577556159461704,3
54,3,.8027880168714193,3
54,4,.8520865856063832,3
54,5,2.633841827628263,3
55,1,-.2509988280854555,3
55,2,-.5451007560420076,3
55,3,.8478741715496642,3
55,4,-.5714064499280074,3
55,5,.4045653820450709,3
56,1,1.961278304539887,3
56,2,1.323617698052575,3
56,3,1.657167575466983,3
56,4,1.651761708726054,3
56,5,3.075085574883128,3
57,1,.2480191088362457,3
57,2,.0754988606000575,3
57,3,-1.065125810093432,3
57,4,1.516807622038062,3
57,5,.3603487819577418,3
58,1,-.6695255826978319,3
58,2,-3.156803304242139,3
58,3,-.5124510883450069,3
58,4,.4877214715197646,3
58,5,.2565645207556863,3
59,1,.1263455015461576,3
59,2,-.9009428210279051,3
59,3,-.6985213624643465,3
59,4,1.964677200209551,3
59,5,1.559445912539955,3
60,1,-1.41608388458828,3
60,2,1.552485566492547,3
60,3,1.507430565542691,3
60,4,2.672306887812177,3
60,5,.3811437790542476,3
61,1,-.7675233405634028,3
61,2,-1.455408350323778,3
61,3,1.558987046660705,3
61,4,-1.005208458226093,3
61,5,.403980159232878,3
62,1,1.514347753379221,3
62,2,-1.878996718992768,3
62,3,1.421140103462006,3
62,4,.9028235593200467,3
62,5,.9577316366650064,3
63,1,.4718930569194225,3
63,2,1.891828507307152,3
63,3,1.191629229930617,3
63,4,-.0462198934003096,3
63,5,-.176166544814978,3
64,1,.5126773820291626,3
64,2,-2.956949082809285,3
64,3,.1741879270681796,3
64,4,2.651693415917943,3
64,5,1.204177002713211,3
65,1,2.042737736603887,3
65,2,1.442428700313624,3
65,3,3.062525817863292,3
65,4,1.783365211845745,3
65,5,2.635314986299461,3
66,1,.2508423617662296,3
66,2,1.891699800168518,3
66,3,-1.070331655355821,3
66,4,.0810489640015193,3
66,5,.1363586076284971,3
67,1,-.5074612601483851,3
67,2,-.6208075449283974,3
67,3,2.296647932503997,3
67,4,1.986950029349642,3
67,5,.706153588997999,3
68,1,.2203948971907945,3
68,2,-.3613431852509144,3
68,3,-.9624974534413422,3
68,4,-.2589895721223991,3
68,5,-.3308895417376568,3
69,1,-.4300745069275352,3
69,2,-.2296732154534443,3
69,3,1.714553539441261,3
69,4,1.040832735740254,3
69,5,.2411320095051235,3
70,1,-1.646048868967383,3
70,2,-1.821150540564261,3
70,3,-.9703469132625672,3
70,4,-.9133485471186545,3
70,5,1.064610729531472,3
71,1,.9302598267438702,3
71,2,1.593284217951834,3
71,3,1.669105713204657,3
71,4,1.834761475168496,3
71,5,1.994962810552108,3
72,1,.8919841711296319,3
72,2,1.366027614887398,3
72,3,1.417973605734376,3
72,4,.5099782449927809,3
72,5,.2486452816163639,3
73,1,1.200384890138798,3
73,2,.4930130798689946,3
73,3,2.064174589975177,3
73,4,-.1007812106485179,3
73,5,2.903329415052053,3
74,1,-2.53928347761473,3
74,2,-2.49010936176262,3
74,3,-1.906015629158486,3
74,4,-.8831501077839079,3
74,5,-.5107062332651116,3
75,1,1.480114340341828,3
75,2,.5867424067244196,3
75,3,.8121478595495882,3
75,4,.4822730148777692,3
75,5,1.264210255502577,3
76,1,1.172830447561461,3
76,2,.9335367031810995,3
76,3,.5278352857696189,3
76,4,1.887458301963233,3
76,5,2.508475403800112,3
77,1,-.4739837614661272,3
77,2,-.2003936796380886,3
77,3,.0788019338602544,3
77,4,-.2194514658916246,3
77,5,.643770453454081,3
78,1,-1.356717993991027,3
78,2,-1.587771672342957,3
78,3,-.1383994946927527,3
78,4,1.473990983941683,3
78,5,.8072378216708382,3
79,1,.9186507641444707,3
79,2,.8032656718724258,3
79,3,-1.155422773498338,3
79,4,.3262596949482952,3
79,5,.9349324907466563,3
80,1,.364945528374067,3
80,2,.0231609971376915,3
80,3,2.54658182154406,3
80,4,.2530454255557686,3
80,5,1.875419880477041,3
81,1,2.021209941611391,3
81,2,.3433372518439383,3
81,3,1.367070156125997,3
81,4,1.99168005901445,3
81,5,1.010728895300071,3
82,1,2.755437328297679,3
82,2,.6500370481406297,3
82,3,1.754776629710661,3
82,4,.8025920616475951,3
82,5,2.820288360286396,3
83,1,-1.099076483258093,3
83,2,-.2326657767917923,3
83,3,-4.029831994773538,3
83,4,-1.312693596743062,3
83,5,-.8179599517961165,3
84,1,-1.044421983756249,3
84,2,-3.218880397003454,3
84,3,.2375490011862987,3
84,4,.2097789003409529,3
84,5,-.7776613990713721,3
85,1,-1.187134678366818,3
85,2,-.1876839578792086,3
85,3,-.271761124971163,3
85,4,1.053889452675338,3
85,5,1.702862243032355,3
86,1,-.5269047662605815,3
86,2,-.0831237000051213,3
86,3,-2.568645100546964,3
86,4,-.5745025054775881,3
86,5,-.6692042457309763,3
87,1,-.5230001527020284,3
87,2,-1.290248897304039,3
87,3,-1.999392206068908,3
87,4,-1.096215794818877,3
87,5,-.4341320572642983,3
88,1,-1.302436677206409,3
88,2,-.4212465878152265,3
88,3,-.1311588556707362,3
88,4,1.296189542247546,3
88,5,-1.185978521878096,3
89,1,-1.290223916926626,3
89,2,1.803565572713203,3
89,3,-.988555879695458,3
89,4,.7118013869575019,3
89,5,.6610375350803656,3
90,1,.4310226147902059,3
90,2,-2.469960643701012,3
90,3,-.7124296257893676,3
90,4,-1.369977158963231,3
90,5,-1.074273605307652,3
91,1,1.486912263857666,3
91,2,1.538972247937587,3
91,3,.5484743326971143,3
91,4,1.398532899292778,3
91,5,2.83842644564184,3
92,1,.7565883701155844,3
92,2,2.058976512899392,3
92,3,1.330433110458545,3
92,4,1.283426732284508,3
92,5,1.773477075063369,3
93,1,-.0154716828355109,3
93,2,.0873256988785009,3
93,3,-1.304786516967502,3
93,4,-.0011185637426332,3
93,5,.427361738656619,3
94,1,3.800086296609531,3
94,2,2.238212169971812,3
94,3,2.551850833572637,3
94,4,3.241141812599552,3
94,5,4.798969752296226,3
95,1,1.209099035852804,3
95,2,.147421194860333,3
95,3,.471671634850097,3
95,4,.3386806814013446,3
95,5,-1.093448693572077,3
96,1,1.094519320435262,3
96,2,.6996839699467858,3
96,3,2.113461626764873,3
96,4,1.766848761866104,3
96,5,2.202236682336354,3
97,1,-1.634166347756685,3
97,2,-.7781033230324591,3
97,3,.8045246570677284,3
97,4,1.372449908485251,3
97,5,.4436929068028307,3
98,1,-1.379320966766455,3
98,2,-.1573712154022221,3
98,3,.8008069897555516,3
98,4,1.179491015917091,3
98,5,2.574094343082752,3
99,1,1.561211206251362,3
99,2,1.299901403677216,3
99,3,1.270209416219187,3
99,4,2.69270628666715,3
99,5,.7565855942764661,3
100,1,-2.120029676849073,3
100,2,-2.083948690097495,3
100,3,-.1916464161102904,3
100,4,.9401510838880835,3
100,5,-.5037102867985949,3
101,1,-.2242131736452496,3
101,2,.4003186572923056,3
101,3,.7069453651686277,3
101,4,1.254005812977377,3
101,5,1.556112902747248,3
102,1,.4734174758084845,3
102,2,1.079110967108793,3
102,3,2.283508457085849,3
102,4,2.515665563380511,3
102,5,2.364646421097115,3
103,1,-.8748384194838899,3
103,2,.0663638733884327,3
103,3,.4065456402156064,3
103,4,.3637075364804336,3
103,5,2.242492506386283,3
104,1,.9558755744394741,3
104,2,1.031326197807621,3
104,3,1.682152271253015,3
104,4,3.063837521622692,3
104,5,2.219168502115302,3
105,1,1.983173615550651,3
105,2,-1.845593272456475,3
105,3,.4242569884593381,3
105,4,1.460637385266476,3
105,5,2.213324141248373,3
106,1,-.1684487994456879,3
106,2,-.0324537336616431,3
106,3,1.982300567403475,3
106,4,.2595302583578862,3
106,5,2.053353204275929,3
107,1,-.6362511812500879,3
107,2,.5794072403921307,3
107,3,2.290575456282705,3
107,4,1.435570341822602,3
107,5,1.854042775340245,3
108,1,.8556875551632654,3
108,2,1.158164250530867,3
108,3,-1.760600679396143,3
108,4,-.5167675859011351,3
108,5,-.6422548805316026,3
109,1,.4227259923807538,3
109,2,2.475741764903538,3
109,3,2.86001569938963,3
109,4,.7170173682702703,3
109,5,2.703256491271207,3
110,1,-1.188285271297395,3
110,2,.2667182022171464,3
110,3,-.3861199289043707,3
110,4,1.418308787507584,3
110,5,-1.322361883383597,3
111,1,-.0058652435950001,3
111,2,.4823385251058963,3
111,3,2.428080435632137,3
111,4,1.648220847542006,3
111,5,3.445918331932492,3
112,1,-1.409705626038237,3
112,2,-1.200303272530737,3
112,3,.0458176977818798,3
112,4,-2.201820859917964,3
112,5,-1.348404738621628,3
113,1,2.651076670957419,3
113,2,.9346294530094933,3
113,3,3.047567471125299,3
113,4,3.457789511250118,3
113,5,3.463342670370004,3
114,1,-.3719599336202108,3
114,2,2.369742558946924,3
114,3,2.256444154324557,3
114,4,3.928876803707491,3
114,5,2.992624282819469,3
115,1,-2.509120779882206,3
115,2,-1.416711606789192,3
115,3,-.8564099277555934,3
115,4,-.2801677936462144,3
115,5,-1.108921141472779,3
116,1,-1.313697123496922,3
116,2,-.5268334529446753,3
116,3,.855424363941155,3
116,4,2.896380430501361,3
116,5,1.611487173568834,3
117,1,3.175120719259222,3
117,2,2.621969992223721,3
117,3,2.046410965037821,3
117,4,2.411002562717616,3
117,5,4.280165688741403,3
118,1,.0034941454255128,3
118,2,-.9974395348073468,3
118,3,.0651183367143883,3
118,4,-.0193990116070513,3
118,5,1.345617863910503,3
119,1,1.529062276783286,3
119,2,2.301346042915919,3
119,3,3.166126923500379,3
119,4,-.7869451826219298,3
119,5,.1898944571540122,3
120,1,-.8199710981409112,3
120,2,-.074602321588344,3
120,3,3.212005805986264,3
120,4,.0043186931607371,3
120,5,1.69771669486477,3
121,1,4.038727907961152,3
121,2,1.883680808461187,3
121,3,3.105616701878018,3
121,4,1.670779133897848,3
121,5,3.275187629189155,3
122,1,-1.11225314565593,3
122,2,-.0112303225496848,3
122,3,1.989596772925274,3
122,4,2.875687532025553,3
122,5,1.814472066931719,3
123,1,-.5273631630939501,3
123,2,.9890918467885783,3
123,3,.6905570229544329,3
123,4,1.933927095894158,3
123,5,.1473292028516809,3
124,1,-.4365808269637157,3
124,2,-.2680866581067605,3
124,3,-1.688771153016277,3
124,4,.8208062815976441,3
124,5,.8023628186933434,3
125,1,-1.335960627938531,3
125,2,-.638059111902588,3
125,3,-1.230753642827396,3
125,4,-.8603881815710268,3
125,5,-1.74652242073255,3
126,1,.3623649497674345,3
126,2,-.3118766635010803,3
126,3,-.6868133479616889,3
126,4,1.566734660356714,3
126,5,1.301647699095046,3
127,1,-.1511646790058565,3
127,2,.601473006403888,3
127,3,.3693956884121619,3
127,4,-.4468433425535529,3
127,5,-.0170895386934966,3
128,1,.6477560802641472,3
128,2,-.4570361856833171,3
128,3,1.522332177505433,3
128,4,1.695072825607907,3
128,5,1.758383205499532,3
129,1,1.621500188160662,3
129,2,4.147703612153343,3
129,3,2.04240753324598,3
129,4,2.736854829066317,3
129,5,4.408098001257683,3
130,1,1.727566042138933,3
130,2,1.738088114167961,3
130,3,.9700671443062842,3
130,4,1.550224291385527,3
130,5,-.6923792468052566,3
131,1,.9139606966130979,3
131,2,.5200145876021233,3
131,3,.7517539418125998,3
131,4,1.537250686437488,3
131,5,2.076496620032666,3
132,1,-.7510563657623729,3
132,2,.9264012388540322,3
132,3,1.71100839041004,3
132,4,.1666900275355165,3
132,5,.4084439349184948,3
133,1,.9777922079778019,3
133,2,.2064405324176273,3
133,3,.8428174836811695,3
133,4,1.845078596119424,3
133,5,1.349114925815293,3
134,1,3.625131218362162,3
134,2,.0228879180003665,3
134,3,1.554810033914561,3
134,4,.7901124260063006,3
134,5,.4380263698914422,3
135,1,.6655123471190677,3
135,2,-1.23034897305075,3
135,3,.0503569133242538,3
135,4,-.6553747184416157,3
135,5,-.4238935221103026,3
136,1,-2.109963805934829,3
136,2,-.404640258908508,3
136,3,.1678950457449191,3
136,4,2.294404503840515,3
136,5,1.154738304542789,3
137,1,1.289314038236528,3
137,2,1.891551732840627,3
137,3,3.219550003369928,3
137,4,1.633990808595046,3
137,5,2.983490974024348,3
138,1,-.1113151395728146,3
138,2,-.9690413287998438,3
138,3,.3335960212464921,3
138,4,2.004903899027101,3
138,5,.8776318771926641,3
139,1,2.915063286194075,3
139,2,2.332850969504817,3
139,3,2.260676673440563,3
139,4,2.965812715487413,3
139,5,3.421197789248732,3
140,1,-.2962764848301716,3
140,2,-.6503767086989695,3
140,3,2.070548339286056,3
140,4,.9170576566256403,3
140,5,.2830849889585854,3
141,1,-.4268108859996435,3
141,2,-.9714938319742619,3
141,3,.1574534241387815,3
141,4,.3034614253316424,3
141,5,-.6948015994126699,3
142,1,-1.198339447401384,3
142,2,.4805551549371657,3
142,3,1.023424710317576,3
142,4,-.1732271636873658,3
142,5,.9727767264080404,3
143,1,-.2570046614234247,3
143,2,-1.660877398370211,3
143,3,.7459190430495264,3
143,4,-.4497172027215478,3
143,5,.4216034117230166,3
144,1,-1.738726760890835,3
144,2,-.866826565598078,3
144,3,.5209758824365567,3
144,4,-.6772572141092723,3
144,5,-1.99079140288301,3
145,1,-.5426030059628018,3
145,2,-1.089056433071051,3
145,3,-1.505752825296937,3
145,4,-1.332188079026731,3
145,5,.2813299759495295,3
146,1,-.332889010594048,3
146,2,-1.013708504928589,3
146,3,1.777835042496529,3
146,4,4.753995682647128,3
146,5,3.081238480862822,3
147,1,3.237606623127954,3
147,2,1.264341716626137,3
147,3,4.123473943015721,3
147,4,2.994272149557498,3
147,5,4.097663396351348,3
148,1,-1.174260610696348,3
148,2,-2.909531302062756,3
148,3,.8582992731778227,3
148,4,.2848101924465478,3
148,5,.5590172185594571,3
149,1,1.761381294146658,3
149,2,1.654705396594944,3
149,3,1.877043425636998,3
149,4,1.287775406961176,3
149,5,1.549950457451605,3
150,1,-1.099791465602995,3
150,2,.1994763111515389,3
150,3,-.6852796323063121,3
150,4,1.960737520384528,3
150,5,-.6277072606584111,3
151,1,.9623482165973654,4
151,2,-.8422627664778549,4
151,3,-1.684376855145636,4
151,4,-2.36567753226131,4
151,5,-.6358724318409881,4
152,1,.501179011726995,4
152,2,-.4369380325132094,4
152,3,-.3919416130040967,4
152,4,2.202183152498146,4
152,5,-.1552640747980562,4
153,1,-.6476818804973699,4
153,2,-.6720362536051371,4
153,3,.1565282361268038,4
153,4,1.35655371956855,4
153,5,2.911644185329855,4
154,1,-1.128532456876609,4
154,2,-.9594247178267938,4
154,3,-2.163292597650735,4
154,4,1.433069515438391,4
154,5,-1.584053048973815,4
155,1,-.4384930978091981,4
155,2,.5544199735369288,4
155,3,-.6223449346036509,4
155,4,-.8285087364500449,4
155,5,-.5311972721009219,4
156,1,.2648478976349262,4
156,2,.071817346728614,4
156,3,.090262018764406,4
156,4,1.756669985892361,4
156,5,1.214694150344449,4
157,1,-.6084126777343027,4
157,2,-.6169364809979927,4
157,3,1.670173408211024,4
157,4,1.104613029170145,4
157,5,.9825042671339301,4
158,1,.9937220998848714,4
158,2,2.318258225905702,4
158,3,.9776554454154022,4
158,4,2.8174885343742,4
158,5,.4063955939245906,4
159,1,-1.369293979723273,4
159,2,.1085971776168502,4
159,3,-2.670974013056953,4
159,4,-1.256570495559825,4
159,5,-.2188526267929252,4
160,1,-.1339241590722944,4
160,2,.8825206578218701,4
160,3,.5230257307952251,4
160,4,-2.110756121437451,4
160,5,-.755387904125736,4
161,1,-.4593229190744925,4
161,2,-1.353965903639727,4
161,3,-.2980416892879445,4
161,4,-.9290357071744513,4
161,5,-.3692468656857643,4
162,1,-.5431586594549643,4
162,2,-.2190481576310337,4
162,3,1.20924430053292,4
162,4,2.253195905193018,4
162,5,2.794130912006074,4
163,1,3.667427341005651,4
163,2,1.512575251225633,4
163,3,1.675992886575682,4
163,4,2.578345885888541,4
163,5,2.021875641267,4
164,1,3.030079904921844,4
164,2,1.831434219486938,4
164,3,2.151401650132915,4
164,4,3.635971284610003,4
164,5,3.027703206606553,4
165,1,3.390995852776386,4
165,2,2.99053194464482,4
165,3,1.126300544849265,4
165,4,1.257912275363857,4
165,5,1.914587188144761,4
166,1,2.237359436970896,4
166,2,1.792634973219273,4
166,3,-.0920431335730689,4
166,4,-.0927507167547282,4
166,5,1.384745020405549,4
167,1,3.186999665655932,4
167,2,.994160211059342,4
167,3,1.24907075219649,4
167,4,.261773692149908,4
167,5,1.714331783669941,4
168,1,-.0087318604891203,4
168,2,.4011461023766892,4
168,3,.7109070201800203,4
168,4,.1243666153469091,4
168,5,2.884430382891159,4
169,1,-.7089419056083284,4
169,2,1.873808028986985,4
169,3,1.228449939557995,4
169,4,.4926180087396339,4
169,5,.037408165793849,4
170,1,1.284844154110132,4
170,2,-.6064719162428064,4
170,3,.8893160377260824,4
170,4,-.0946850836759602,4
170,5,1.475682447359983,4
171,1,1.587660812829225,4
171,2,-2.87277553418066,4
171,3,-1.470396028660521,4
171,4,.2980100869112652,4
171,5,-.8715573579395187,4
172,1,.4633352842606079,4
172,2,-.391808627278352,4
172,3,.6111262287585834,4
172,4,.8595274111348324,4
172,5,2.387238768279522,4
173,1,.0637765105652199,4
173,2,-.968161397300632,4
173,3,-.6306022150753631,4
173,4,2.075800242781864,4
173,5,.9082738559255121,4
174,1,-.0209293818048745,4
174,2,-1.252503431780041,4
174,3,-.2577983418647786,4
174,4,-.2988456872129851,4
174,5,.0635353822794816,4
175,1,.3555602415568143,4
175,2,2.055183173088139,4
175,3,.7129078129132698,4
175,4,3.009874443473622,4
175,5,.3371760214459188,4
176,1,-1.461896424499918,4
176,2,.0313873442928331,4
176,3,-.9399543661157146,4
176,4,.6927490513142984,4
176,5,.8332586867625762,4
177,1,1.840517612919041,4
177,2,.2162338034891963,4
177,3,1.646122893251623,4
177,4,2.20786247264238,4
177,5,.4888922119808644,4
178,1,.2277368238161505,4
178,2,.2658733355781264,4
178,3,-1.128120818917688,4
178,4,-1.759443183292808,4
178,5,-.5006689309185939,4
179,1,.0801781485477057,4
179,2,-1.085027392614735,4
179,3,.5922597491833592,4
179,4,1.197056617201925,4
179,5,2.372817221116506,4
180,1,1.011317468177683,4
180,2,.8193261840426085,4
180,3,1.502900947163467,4
180,4,1.043568587319429,4
180,5,2.930514423932834,4
181,1,-1.297356594643441,4
181,2,-.8844002693007994,4
181,3,-1.080074460403473,4
181,4,-.5205414136506458,4
181,5,-.4767598573872235,4
182,1,.3687654387962925,4
182,2,-1.440987247665102,4
182,3,.4330242451871777,4
182,4,-1.427223733485192,4
182,5,.8149787142095428,4
183,1,.9160724884056113,4
183,2,1.586957445324637,4
183,3,.5779984512125576,4
183,4,-.8418363726012513,4
183,5,-.8169678765937032,4
184,1,-.8720662770244954,4
184,2,-1.963224453435978,4
184,3,-1.873165982225189,4
184,4,-.5295192541665348,4
184,5,1.514801212210048,4
185,1,-.0124635079478865,4
185,2,-1.085810927751989,4
185,3,-1.096646192088162,4
185,4,-.584933853033172,4
185,5,2.492855197194139,4
186,1,1.842764359502213,4
186,2,-1.012576273813242,4
186,3,-.6281577208531471,4
186,4,-.282715994062563,4
186,5,1.746787753698256,4
187,1,.3667294486141592,4
187,2,-.0041657683661112,4
187,3,.2045578159002355,4
187,4,.1446583215113933,4
187,5,1.709542633746986,4
188,1,-1.310072536766034,4
188,2,.7724712197209509,4
188,3,.4477924517158305,4
188,4,.4442893768198892,4
188,5,1.838925328169282,4
189,1,2.304720089101221,4
189,2,2.607593666274128,4
189,3,-.1304821858515963,4
189,4,3.606332831802113,4
189,5,3.294903473517385,4
190,1,.8722591796020343,4
190,2,1.067352345101338,4
190,3,.7523427174386228,4
190,4,1.140873954034269,4
190,5,1.978011972251313,4
191,1,2.631727121085241,4
191,2,.7621505450070267,4
191,3,1.408382384283309,4
191,4,4.893909721894741,4
191,5,2.358522097903096,4
192,1,.867368193490331,4
192,2,-1.082282125914021,4
192,3,1.304923465122046,4
192,4,1.188881480286136,4
192,5,2.308440183285464,4
193,1,.3673890165937762,4
193,2,.3538529106262394,4
193,3,.6834050291002896,4
193,4,2.209096662713276,4
193,5,.3985539614830907,4
194,1,-1.285341119984765,4
194,2,2.051301610192175,4
194,3,1.902299503656688,4
194,4,3.010853681288283,4
194,5,1.243272108523686,4
195,1,1.528023051865643,4
195,2,1.784303372368774,4
195,3,.6698320617202238,4
195,4,1.209344757324577,4
195,5,-.9493533663808151,4
196,1,-1.755422220731875,4
196,2,-.3876459564315539,4
196,3,-1.934434395759127,4
196,4,-1.284930567588233,4
196,5,-.3670161703984857,4
197,1,-.1428528090405692,4
197,2,-3.03656711129851,4
197,3,-1.249937698662296,4
197,4,.3469114777434839,4
197,5,.3516363689806342,4
198,1,.5490339720517492,4
198,2,-2.565788337640006,4
198,3,.7625503052143838,4
198,4,.3888150259604002,4
198,5,-.6410099041243076,4
199,1,-1.053248063464021,4
199,2,-1.715834475669763,4
199,3,-1.083163799238416,4
199,4,-1.365508739235349,4
199,5,-2.055018798812358,4
200,1,-.3265937031653595,4
200,2,-2.120841377700016,4
200,3,-1.45109742690442,4
200,4,1.357494487839074,4
200,5,1.325403950617808,4
201,1,1.062197214904564,4
201,2,-1.005417326691784,4
201,3,2.033701154802276,4
201,4,1.151798848387015,4
201,5,.834320470439089,4
202,1,.8115742291094986,4
202,2,.6308988669453207,4
202,3,-.3347822836729555,4
202,4,.790483886939302,4
202,5,.9335675554949332,4
203,1,.9010473661523647,4
203,2,.3747551691198624,4
203,3,2.839686054167846,4
203,4,4.075390396211201,4
203,5,1.802202526237961,4
204,1,1.607638276142863,4
204,2,1.045294913262603,4
204,3,1.984117245450887,4
204,4,-.9190756201811989,4
204,5,.5341733042325576,4
205,1,-.7514223551457101,4
205,2,1.813177002097251,4
205,3,-.0139272720254919,4
205,4,1.904277700582183,4
205,5,.2848062047025808,4
206,1,-.1041958855125396,4
206,2,-.4729476079485942,4
206,3,-.6320613647619094,4
206,4,2.661772422891809,4
206,5,1.634724578450875,4
207,1,.2296905839227775,4
207,2,.9218696693156117,4
207,3,-1.517428954379463,4
207,4,1.01103208361133,4
207,5,-.5433992833727229,4
208,1,-1.156187514652562,4
208,2,-.8304480280728105,4
208,3,1.570573093090817,4
208,4,-.0625639494062754,4
208,5,1.104115356903796,4
209,1,-.8087511755293544,4
209,2,-.8836408127900608,4
209,3,-.0437828086604952,4
209,4,1.384572441818214,4
209,5,.0271452656863561,4
210,1,.939622170989589,4
210,2,.2835112732545777,4
210,3,-1.41785677243679,4
210,4,.7654363153636269,4
210,5,.7070538517094019,4
211,1,-1.14230356088459,4
211,2,-1.439448264300459,4
211,3,-1.156227730782442,4
211,4,-.5896518448539738,4
211,5,-.3415066354117966,4
212,1,1.862009586468851,4
212,2,2.290335494800392,4
212,3,3.075105845789853,4
212,4,1.068724813670314,4
212,5,3.019320105020629,4
213,1,-1.508483016464265,4
213,2,.5850221119154217,4
213,3,-.6942896757394272,4
213,4,.6677383406457085,4
213,5,.1709858464454795,4
214,1,2.743688312346199,4
214,2,.6378664787414874,4
214,3,1.277288756706877,4
214,4,1.242708591564096,4
214,5,1.45452736009093,4
215,1,.0739461798655013,4
215,2,1.10296502639166,4
215,3,-.3868902882556991,4
215,4,1.382909280113039,4
215,5,.1030114320127388,4
216,1,-2.19706473978165,4
216,2,-.9843292399983973,4
216,3,-.2794711032909674,4
216,4,-1.291284806606871,4
216,5,-.9718604325412495,4
217,1,1.997189665714749,4
217,2,.9997084643320152,4
217,3,1.454250921903367,4
217,4,1.160173284001247,4
217,5,1.139676292311788,4
218,1,.1078058703807084,4
218,2,.0404405634722533,4
218,3,.0210822238446811,4
218,4,.6861824607080416,4
218,5,1.867380984991045,4
219,1,.7535334213517783,4
219,2,1.964018365057012,4
219,3,2.359706884321137,4
219,4,2.491793542011018,4
219,5,2.131952213282249,4
220,1,-.5445778530242574,4
220,2,.0891064445325296,4
220,3,.42755489277292,4
220,4,-.2952050445489478,4
220,5,2.757279084951449,4
221,1,1.299238223328937,4
221,2,-.0019629559286907,4
221,3,-1.681905757221954,4
221,4,.2761178690603682,4
221,5,2.171452915057736,4
222,1,-.472522009695343,4
222,2,1.101532261228004,4
222,3,-.5882137793590105,4
222,4,.6905060117380252,4
222,5,.2937186515618161,4
223,1,-.4404022700742615,4
223,2,-.4018028266526772,4
223,3,-1.526980948978284,4
223,4,-.6391187020707385,4
223,5,.1416980184132519,4
224,1,-2.388765107921842,4
224,2,-1.632159718121559,4
224,3,-1.27375613802719,4
224,4,-1.181886431314505,4
224,5,-2.91325559033435,4
225,1,2.746932714299754,4
225,2,4.178368173552644,4
225,3,1.828261451898854,4
225,4,3.139545943479833,4
225,5,3.730444651921801,4
226,1,.3733968108207835,4
226,2,-.4371519680027884,4
226,3,-1.069407257815538,4
226,4,1.103561217085396,4
226,5,1.797627690157307,4
227,1,1.645721657869212,4
227,2,-.4346610340869884,4
227,3,1.604862774116742,4
227,4,1.179284835344781,4
227,5,.9741589860036216,4
228,1,-.2951834948634181,4
228,2,-1.630628399706353,4
228,3,-1.1955843546143,4
228,4,-1.557367253366278,4
228,5,.3478906348263316,4
229,1,.814802028132025,4
229,2,2.560048281530809,4
229,3,.0509558849089563,4
229,4,.062293899939864,4
229,5,.8748759291395312,4
230,1,1.40556579295642,4
230,2,2.797041033109447,4
230,3,1.580009272540653,4
230,4,3.56331995781082,4
230,5,1.529926833112049,4
231,1,-.5134182797374047,4
231,2,4.12272351954825,4
231,3,1.574611648866148,4
231,4,2.383422825207279,4
231,5,1.159607279768518,4
232,1,-2.553011683146884,4
232,2,-1.31207961995359,4
232,3,.4473839819521616,4
232,4,-.1194468090872761,4
232,5,1.590834837247586,4
233,1,-1.270484513378742,4
233,2,.002464217730082,4
233,3,.9557437563196188,4
233,4,2.180640627228347,4
233,5,.7038767069409428,4
234,1,-1.333027191998833,4
234,2,-1.943190827349068,4
234,3,-1.461101074260758,4
234,4,.3024909176830296,4
234,5,.4918535695087352,4
235,1,-1.815569763586194,4
235,2,1.35676130567082,4
235,3,.8236204265047149,4
235,4,2.144151061027225,4
235,5,4.46220215201081,4
236,1,.3396923558714127,4
236,2,-.9431463007745127,4
236,3,-.3908973189603021,4
236,4,1.284434455542338,4
236,5,1.062614447084365,4
237,1,-.0352410417478278,4
237,2,.3705204799627584,4
237,3,-.6354587695351489,4
237,4,-.9975465461722657,4
237,5,-1.411989130052174,4
238,1,-1.552659337694263,4
238,2,-1.240652606223434,4
238,3,-1.039053371022558,4
238,4,2.157022046169994,4
238,5,1.65887417002452,4
239,1,.8640011505643507,4
239,2,1.22728530536928,4
239,3,1.058075948983892,4
239,4,.1782920219679553,4
239,5,2.237545695722778,4
240,1,-.4687569216253733,4
240,2,-.1094352198198708,4
240,3,.5859432985412319,4
240,4,-.6062081249421455,4
240,5,1.879953142291257,4
241,1,.8363368654478814,4
241,2,.5080748345952903,4
241,3,.2262685025006237,4
241,4,1.251093957381208,4
241,5,4.256351445722563,4
242,1,2.579913898048916,4
242,2,1.556039497019192,4
242,3,-.914265655836225,4
242,4,.6851442494665433,4
242,5,.3190733875594944,4
243,1,-.954787394795699,4
243,2,-1.240331868817846,4
243,3,-.1677994454024304,4
243,4,.8170510311386439,4
243,5,.8988653202859067,4
244,1,1.868332425204579,4
244,2,2.184660175807224,4
244,3,2.474604790593069,4
244,4,.9194108326193795,4
244,5,1.878115616341318,4
245,1,-1.104434769264506,4
245,2,-.479306005934111,4
245,3,-1.451817491193242,4
245,4,-1.069470516938187,4
245,5,.2967623964555631,4
246,1,-1.668867194729849,4
246,2,-2.676654296533987,4
246,3,-3.87129608183674,4
246,4,-.4919288689954662,4
246,5,-1.847226059342348,4
247,1,-1.282022426865065,4
247,2,-.9566893606536504,4
247,3,-.2673970103972296,4
247,4,-1.928593070467765,4
247,5,-.1335482892548896,4
248,1,-1.215320166045579,4
248,2,-.8228683780322299,4
248,3,-.3714257482591089,4
248,4,-.9040993198483435,4
248,5,.6864514013559945,4
249,1,1.22509041496361,4
249,2,1.54150392083145,4
249,3,1.669177429233236,4
249,4,2.02398106748962,4
249,5,1.012994844543033,4
250,1,-1.448443320889468,4
250,2,-1.401673120572201,4
250,3,.0339103079454821,4
250,4,1.452902708716003,4
250,5,.0043673793636246,4
251,1,-.8108977636472315,4
251,2,.346689006691169,4
251,3,.6295790091730089,4
251,4,.5487268023500426,4
251,5,-.2830448012690634,4
252,1,2.533654559756838,4
252,2,4.090796766571493,4
252,3,4.614402519206357,4
252,4,2.352137177937052,4
252,5,3.630153905171182,4
253,1,3.470847525211506,4
253,2,1.621608828285083,4
253,3,1.674384012254846,4
253,4,1.981360584578862,4
253,5,1.822380867618475,4
254,1,.9632574254123385,4
254,2,2.456166017232788,4
254,3,1.827713452757527,4
254,4,3.421870490037538,4
254,5,3.683968727852418,4
255,1,2.058178375701823,4
255,2,.8308440758771904,4
255,3,.2394175751428667,4
255,4,.5171786952238492,4
255,5,-1.654462134570438,4
256,1,-1.342097772406277,4
256,2,1.381785180662486,4
256,3,.1175348648275746,4
256,4,-.3768235051097493,4
256,5,1.889065564330129,4
257,1,-.2073084654941639,4
257,2,.0840164536038127,4
257,3,-.3136999209648841,4
257,4,1.175578680406181,4
257,5,1.238258171529924,4
258,1,.7932393244026483,4
258,2,1.681109363171652,4
258,3,-.4886607104155283,4
258,4,.8042923071664811,4
258,5,2.836441147277105,4
259,1,-.3460603840730911,4
259,2,-1.425253790304523,4
259,3,.1180352319530835,4
259,4,1.632112733812797,4
259,5,1.500128582563182,4
260,1,.9668656697228666,4
260,2,1.128983618501383,4
260,3,2.289052334121074,4
260,4,.7464769639010562,4
260,5,2.601783003741452,4
261,1,2.312694870559916,4
261,2,-.4254748954139838,4
261,3,.5172745959582653,4
261,4,1.461888692268519,4
261,5,3.011251172683697,4
262,1,-.6984170865076675,4
262,2,-1.185105308052538,4
262,3,-.188508730586874,4
262,4,-1.256453896860056,4
262,5,1.588576072193645,4
263,1,.2872015591113286,4
263,2,1.509632608810043,4
263,3,-.6718652774363979,4
263,4,-.18640950696627,4
263,5,-.406912625783432,4
264,1,1.644018126428803,4
264,2,-.4101069632949914,4
264,3,.1493116999626619,4
264,4,2.089011801012036,4
264,5,1.161865614606886,4
265,1,-2.557858503933646,4
265,2,-.0508733581396142,4
265,3,-.037057863361619,4
265,4,-1.706447731840265,4
265,5,.2746448740986894,4
266,1,1.425629194015859,4
266,2,-1.112525200762935,4
266,3,.6215321339532196,4
266,4,-.3806264780905013,4
266,5,-.3871481138294013,4
267,1,-.5197270635528801,4
267,2,-.2981213246395817,4
267,3,-1.21864345966523,4
267,4,1.463512658014154,4
267,5,-1.78719488813005,4
268,1,-.128916260785835,4
268,2,3.601044976284425,4
268,3,.555341103531257,4
268,4,1.762664053987282,4
268,5,4.573949470871382,4
269,1,1.677748458678198,4
269,2,.9989134364039747,4
269,3,2.929839407905773,4
269,4,1.499780443519867,4
269,5,3.555514410269891,4
270,1,-.7355218037470952,4
270,2,-.3528912684771695,4
270,3,1.085820048233815,4
270,4,1.957731763496682,4
270,5,1.116147531963574,4
271,1,-1.573064170945401,4
271,2,-.4126431074141387,4
271,3,-4.138932638871327,4
271,4,-.6518193107106697,4
271,5,.6777026901392115,4
272,1,3.793273323001076,4
272,2,.5730569061952028,4
272,3,1.857973482589967,4
272,4,2.96742474514857,4
272,5,.3456172919733125,4
273,1,-.8449870896967742,4
273,2,-3.086891017667883,4
273,3,-1.146288672798082,4
273,4,.4711281204315587,4
273,5,-1.242830199213503,4
274,1,.0346078466999209,4
274,2,-.429574288281882,4
274,3,2.240152474147895,4
274,4,1.243255435991282,4
274,5,2.994507456782542,4
275,1,2.166646763829368,4
275,2,2.162622000706555,4
275,3,2.712151349941686,4
275,4,2.844851399064305,4
275,5,.7043817676699665,4
276,1,.5479435669336957,4
276,2,-.5044285353724688,4
276,3,-1.321313133336663,4
276,4,-.0286995651436467,4
276,5,.5710079483008086,4
277,1,.8435491809864,4
277,2,1.230970725867638,4
277,3,2.085712838259825,4
277,4,2.241148951915884,4
277,5,3.023985265069908,4
278,1,-.7356016791281621,4
278,2,-2.469669192686419,4
278,3,-1.085070576628907,4
278,4,-.0259192923510376,4
278,5,.227258633426213,4
279,1,1.645284968719926,4
279,2,1.780823748021897,4
279,3,.9941267932073352,4
279,4,1.035149628487769,4
279,5,2.116553916542217,4
280,1,1.077131964239218,4
280,2,-.0298882447742452,4
280,3,2.760579502577351,4
280,4,1.442893019103163,4
280,5,1.462582012146839,4
281,1,1.23154176845888,4
281,2,1.963103547100565,4
281,3,-.095514180917434,4
281,4,.7778376652681858,4
281,5,3.19965811385508,4
282,1,2.033795801644093,4
282,2,-.1420728411454335,4
282,3,1.54545084573686,4
282,4,3.798084496151783,4
282,5,1.002729597218097,4
283,1,1.489095870022222,4
283,2,-1.370088343997439,4
283,3,-.5172256762857151,4
283,4,-.6272828100413768,4
283,5,1.045414903055845,4
284,1,-.996132363647134,4
284,2,-.4525843929335531,4
284,3,-.4052696757865374,4
284,4,.0856552987453633,4
284,5,.2384185534394305,4
285,1,.3536770507660405,4
285,2,.6208892742144567,4
285,3,1.711352538855694,4
285,4,1.227243950036921,4
285,5,1.521332301626043,4
286,1,.578314112977942,4
286,2,.4695395045591588,4
286,3,.3059870428545351,4
286,4,1.74275195802036,4
286,5,2.813201252525975,4
287,1,.1380823666904521,4
287,2,-.466859584718277,4
287,3,1.91682619849487,4
287,4,.1988334600545572,4
287,5,2.513753418946309,4
288,1,.3694919681589378,4
288,2,.4888928847148641,4
288,3,3.517350221755116,4
288,4,2.776181605788091,4
288,5,1.988846229400608,4
289,1,.2903249759876267,4
289,2,.7084052260537947,4
289,3,-1.771747436013287,4
289,4,2.46146108780651,4
289,5,.3165111782818573,4
290,1,.1280243438881775,4
290,2,1.803746005579203,4
290,3,1.065035004895029,4
290,4,2.193688023050203,4
290,5,2.424718023226102,4
291,1,-2.535820691415711,4
291,2,-1.295707091400871,4
291,3,-.0157088739071611,4
291,4,1.202646240721837,4
291,5,.2334387744563251,4
292,1,-.1389148434474116,4
292,2,.3992759981146797,4
292,3,-.9139446837613614,4
292,4,3.863550351983025,4
292,5,1.543752867610225,4
293,1,1.76770139372434,4
293,2,-.0652538237559827,4
293,3,2.100609870323521,4
293,4,2.135843622097301,4
293,5,.7973726131144898,4
294,1,1.562754256708607,4
294,2,-.2974570631575601,4
294,3,-.0845188426724472,4
294,4,-1.110514062359169,4
294,5,-1.655346263323409,4
295,1,-2.536752383443862,4
295,2,-1.071697270472888,4
295,3,-.5466369184295633,4
295,4,-.3299500929014932,4
295,5,-2.480434454270156,4
296,1,.4787333980727567,4
296,2,-2.785208871573062,4
296,3,-.7333777025230868,4
296,4,-.6956452528284667,4
296,5,1.878020890335055,4
297,1,1.5927090624858,4
297,2,1.237780609409744,4
297,3,2.316984236302123,4
297,4,2.787627185440629,4
297,5,1.603519733789168,4
298,1,.7692033463755469,4
298,2,.5062191276677226,4
298,3,1.679995988356896,4
298,4,.7568305239109353,4
298,5,-1.984336383249122,4
299,1,.8878367211077495,4
299,2,2.668795256362622,4
299,3,.7193952071724001,4
299,4,2.258527728034602,4
299,5,3.905759852633551,4
300,1,1.580164916289971,4
300,2,1.736696621203138,4
300,3,-.7341284764914374,4
300,4,.3173316859771029,4
300,5,2.217882432369212,4
301,1,-2.369515481620089,5
301,2,-1.907925481884697,5
301,3,-1.805301506133759,5
301,4,-1.521219774218655,5
301,5,-1.073968398733397,5
302,1,-3.775600136431587,5
302,2,-.1333513503427031,5
302,3,-2.518739352086744,5
302,4,-1.000672947573839,5
302,5,.6025957587770017,5
303,1,.1226865358200326,5
303,2,.8341850887062314,5
303,3,-1.21220970338097,5
303,4,1.08323782028823,5
303,5,.0437998101816928,5
304,1,-.9104942957780112,5
304,2,-.3736778391141864,5
304,3,1.227584883987435,5
304,4,-.0549175220755376,5
304,5,.9674619562997935,5
305,1,-1.535473592211327,5
305,2,-.8297015610865652,5
305,3,-.6634804182165517,5
305,4,.0702777327436406,5
305,5,.0653725862891832,5
306,1,-.6381903025424485,5
306,2,-2.942705247956375,5
306,3,-2.726807777559097,5
306,4,-.9263246310294271,5
306,5,-.5915987879320338,5
307,1,-.7567825801185882,5
307,2,2.706311353385371,5
307,3,.8972511757069395,5
307,4,2.707514159470705,5
307,5,1.329902341605128,5
308,1,.9016181622956816,5
308,2,.6517809754752215,5
308,3,-.4524759690075142,5
308,4,-.4814536977414801,5
308,5,1.825912886691925,5
309,1,1.46541394043834,5
309,2,1.550870070889236,5
309,3,2.014502603799492,5
309,4,1.259003126862448,5
309,5,3.52349441324512,5
310,1,.2792314937881623,5
310,2,1.799245126497407,5
310,3,-.390532173204405,5
310,4,1.316787406823317,5
310,5,.0759137413913146,5
311,1,.9653573985920457,5
311,2,.4611284695115261,5
311,3,-.5286599526821321,5
311,4,-.1100366314236809,5
311,5,-.4448926528251189,5
312,1,.2681561031669036,5
312,2,-1.367979461669755,5
312,3,.4519146470467548,5
312,4,.6947726669962841,5
312,5,.8122821257921575,5
313,1,3.116373701567802,5
313,2,-.1411501272063289,5
313,3,1.265460542430835,5
313,4,1.78838246113597,5
313,5,3.365139478095216,5
314,1,.9003746834865416,5
314,2,-1.192490357661568,5
314,3,1.8394876538189,5
314,4,1.24764867092951,5
314,5,2.135036688907373,5
315,1,-1.253006699792717,5
315,2,.8395632551356513,5
315,3,.2734466949092574,5
315,4,-1.565507562539754,5
315,5,1.740391638940284,5
316,1,.4312022508555461,5
316,2,.4542517813285452,5
316,3,-1.006951194029933,5
316,4,.7720901588363112,5
316,5,1.111439544240648,5
317,1,.779393424504904,5
317,2,.2087656776909829,5
317,3,.7576150012849325,5
317,4,.8217528245695327,5
317,5,2.035054546258702,5
318,1,1.478947647280276,5
318,2,2.323369662843578,5
318,3,2.635473428238533,5
318,4,2.415235090945994,5
318,5,4.924726979824793,5
319,1,-.4292299278295832,5
319,2,.9183862658158966,5
319,3,1.350641936401664,5
319,4,1.287096247123556,5
319,5,2.723928972280949,5
320,1,1.297397255742074,5
320,2,2.630515050633605,5
320,3,2.51479779807378,5
320,4,2.999045214396928,5
320,5,.3493370758434204,5
321,1,.1621185248842298,5
321,2,-1.073113993328762,5
321,3,-.7345501461599042,5
321,4,.9327998067252837,5
321,5,1.456344797643211,5
322,1,-1.118742576753932,5
322,2,1.02140909314938,5
322,3,.1177148553903517,5
322,4,.5159582726899881,5
322,5,.1077144663026608,5
323,1,2.093075297682894,5
323,2,1.130777586648561,5
323,3,2.056958569625614,5
323,4,2.64267801421901,5
323,5,2.478853123368342,5
324,1,-1.262857893986868,5
324,2,-.8133310072675448,5
324,3,-3.156988820686836,5
324,4,-1.431201978598964,5
324,5,-1.566872968923733,5
325,1,1.756067332371007,5
325,2,.0414533828098083,5
325,3,-.3215216781955831,5
325,4,.8164806888293529,5
325,5,2.86269292851043,5
326,1,3.261711119736558,5
326,2,4.385856895916055,5
326,3,3.050138420697609,5
326,4,3.072423561332979,5
326,5,4.449525561308675,5
327,1,.6876294674684831,5
327,2,.455008653035384,5
327,3,2.106449723416013,5
327,4,2.713423779325853,5
327,5,2.394324036382441,5
328,1,.4530547147770633,5
328,2,1.028211292976181,5
328,3,1.486537821805535,5
328,4,.2172993206607496,5
328,5,2.923927730674804,5
329,1,-.0642278722785762,5
329,2,-.3501210047802444,5
329,3,.4403287935851642,5
329,4,-.8028747727372357,5
329,5,.6097090473107724,5
330,1,.3237011430562765,5
330,2,-.1704257836259688,5
330,3,2.51175394506167,5
330,4,1.434750937403765,5
330,5,3.107735857493508,5
331,1,-.7099459612597607,5
331,2,-1.949762917087956,5
331,3,-1.570329669160691,5
331,4,.3915122914342571,5
331,5,-.8980305105293863,5
332,1,1.838366091782602,5
332,2,2.154309195283752,5
332,3,1.209054436965661,5
332,4,.8238564490728519,5
332,5,.8114741770902871,5
333,1,1.135060270904068,5
333,2,-1.02529188937162,5
333,3,.9184887334453602,5
333,4,2.118863447530265,5
333,5,.5596161202365147,5
334,1,-1.471588334544712,5
334,2,-1.702268138719452,5
334,3,-2.340646483460678,5
334,4,.0676529563371104,5
334,5,-.1750407019365994,5
335,1,-.0345425852309484,5
335,2,2.167655781069949,5
335,3,1.951701797851126,5
335,4,1.543331130513925,5
335,5,1.674438266097626,5
336,1,1.221551099017043,5
336,2,.7274348321915018,5
336,3,-.3236804334132112,5
336,4,1.026938289928707,5
336,5,-.0811991207616662,5
337,1,.3617365070458471,5
337,2,.5892420020577421,5
337,3,-1.423837736770629,5
337,4,.6584760236487357,5
337,5,1.644465837456744,5
338,1,1.086474849889592,5
338,2,.7122019351501476,5
338,3,-2.007463821790677,5
338,4,.162688498874566,5
338,5,-.6664909453971848,5
339,1,-1.587770151880298,5
339,2,-.8432522318332994,5
339,3,-.6535166705912892,5
339,4,-.7533781136360851,5
339,5,1.213810176447394,5
340,1,.5921103639850048,5
340,2,1.014014886787886,5
340,3,2.392467856528337,5
340,4,.5948973993861386,5
340,5,1.594896224238719,5
341,1,1.026717317833505,5
341,2,1.342449883242504,5
341,3,1.330940668080108,5
341,4,-.1082437427356178,5
341,5,2.705453681155187,5
342,1,-2.925028777035136,5
342,2,-2.703558163292023,5
342,3,-.3588769201104913,5
342,4,-1.830315434175802,5
342,5,-.2362981694635271,5
343,1,.7504103251892507,5
343,2,-.692454290409052,5
343,3,-.0152265257201211,5
343,4,-1.015726771171827,5
343,5,.6331580961665959,5
344,1,-.4940103410910068,5
344,2,-.306471166822186,5
344,3,-1.849793247558063,5
344,4,.1670615812182406,5
344,5,.4577045495337466,5
345,1,-.9455456859138049,5
345,2,.9956743018957137,5
345,3,.9787091813285719,5
345,4,-.4696849399853484,5
345,5,1.061828502947084,5
346,1,.5993573258948962,5
346,2,2.272008959706338,5
346,3,-.0835289015205478,5
346,4,-1.3460561408613,5
346,5,2.771052452002156,5
347,1,-.3821450267668386,5
347,2,.9580855432516282,5
347,3,-2.201465936093468,5
347,4,-2.14888889675912,5
347,5,1.368215725338267,5
348,1,.0639640105631309,5
348,2,-.1741596071468448,5
348,3,-2.73360797272419,5
348,4,-.4429706176267261,5
348,5,-.2520328525475621,5
349,1,-1.312846565723257,5
349,2,-1.677562888625209,5
349,3,.2664010688268975,5
349,4,.608909761442855,5
349,5,.8132335174578617,5
350,1,-.8914252022748306,5
350,2,-1.234358482662726,5
350,3,-.5471424759177664,5
350,4,-1.042770732886582,5
350,5,1.008768785055519,5
351,1,1.381932614712612,5
351,2,.5305980820180379,5
351,3,.7000798592149138,5
351,4,1.840902334895545,5
351,5,1.810681151178213,5
352,1,1.034943366741907,5
352,2,.0053198184175252,5
352,3,1.594107590350475,5
352,4,.5982154432986709,5
352,5,.2355107531232663,5
353,1,3.054371195705744,5
353,2,2.166128633534647,5
353,3,3.532435686865453,5
353,4,1.40491407486342,5
353,5,.7946005407039325,5
354,1,-2.062317190611279,5
354,2,.9080717534781122,5
354,3,-.3590515556188248,5
354,4,-.5299647416032535,5
354,5,.4798935940074786,5
355,1,1.913303251790065,5
355,2,2.157883430206935,5
355,3,2.415591486820936,5
355,4,1.105593320344858,5
355,5,1.908807111874322,5
356,1,-1.402611945719392,5
356,2,-2.481604391293532,5
356,3,.7223148286222136,5
356,4,.8957002050390553,5
356,5,.2544305393916642,5
357,1,-1.120814309624742,5
357,2,-1.029802773568084,5
357,3,.7242065862906745,5
357,4,-.1205969798522686,5
357,5,-.8340329208276838,5
358,1,2.98222596633435,5
358,2,3.752072523666627,5
358,3,3.294476791613524,5
358,4,3.323835390766373,5
358,5,3.096215879695935,5
359,1,-2.47852619305604,5
359,2,-.4497438283375071,5
359,3,.2072699089036698,5
359,4,-.1728040316570579,5
359,5,-.0207547306075206,5
360,1,.7546492527335349,5
360,2,1.98955373218782,5
360,3,1.102759618934621,5
360,4,1.141114109094294,5
360,5,-.2451789786198332,5
361,1,1.377363784901868,5
361,2,-.6290129291796764,5
361,3,-.5098395251780719,5
361,4,.0508704849463115,5
361,5,.1642699970711103,5
362,1,2.343920091746819,5
362,2,1.679929301514095,5
362,3,.9303153819549469,5
362,4,3.882414377080316,5
362,5,1.034358941183528,5
363,1,-2.78263962216315,5
363,2,-.9990967868694893,5
363,3,2.2042615988816,5
363,4,1.643804349304714,5
363,5,-.4650354679284692,5
364,1,-.7591275695461408,5
364,2,.0151352033028233,5
364,3,-2.274782420329161,5
364,4,.5771124002180137,5
364,5,-1.518130173978447,5
365,1,2.584962024298716,5
365,2,2.720223929606422,5
365,3,2.984050751320532,5
365,4,4.002941084884507,5
365,5,2.733892644543091,5
366,1,-.1067797503653387,5
366,2,1.786556691399916,5
366,3,.4970390436348714,5
366,4,-.3099148809678107,5
366,5,2.444227596616384,5
367,1,-1.17083622675182,5
367,2,-.4133209430284512,5
367,3,.6606201767088502,5
367,4,-.8313696482772219,5
367,5,.9804345685774467,5
368,1,-2.09644607789257,5
368,2,-.8724002633101835,5
368,3,-1.566180758660129,5
368,4,-2.266247077361079,5
368,5,1.829097640485992,5
369,1,.3475414379008655,5
369,2,1.378539417756713,5
369,3,.5545922541542679,5
369,4,-1.38189613152534,5
369,5,1.179460921711764,5
370,1,-1.094897601092317,5
370,2,.2646777045989329,5
370,3,.466771096291843,5
370,4,2.051353449194301,5
370,5,3.655052521966884,5
371,1,.9801488863239123,5
371,2,-2.290477119346054,5
371,3,-3.072743910053679,5
371,4,.1786663608297933,5
371,5,-1.028541221294978,5
372,1,.3048516120824163,5
372,2,1.857157824598081,5
372,3,1.400099366306328,5
372,4,1.032478643401154,5
372,5,.7803905964681023,5
373,1,-.5638552047277594,5
373,2,-1.006804004076504,5
373,3,-.4277543402011621,5
373,4,-.7454670193401416,5
373,5,1.688680888210828,5
374,1,-.6480054200613479,5
374,2,.3676419226493082,5
374,3,1.632267298170179,5
374,4,.3133374463463862,5
374,5,1.212839647315485,5
375,1,1.537074071332095,5
375,2,3.343762070988259,5
375,3,1.574710127933602,5
375,4,3.696438490457346,5
375,5,2.488135946538047,5
376,1,.6324529201141054,5
376,2,2.114223374948171,5
376,3,1.809630457300292,5
376,4,4.433748062768309,5
376,5,2.869732876366721,5
377,1,-.5004609594964657,5
377,2,-.7093875968500882,5
377,3,-1.129051654623131,5
377,4,-.3104647766368191,5
377,5,.2418836652716153,5
378,1,1.338460428389643,5
378,2,.9398100516402419,5
378,3,2.004232618559564,5
378,4,2.950504300066092,5
378,5,2.117462418757944,5
379,1,-1.336136931017232,5
379,2,-1.627077042552626,5
379,3,-2.582124391151106,5
379,4,-2.20261920006087,5
379,5,.4287174779709693,5
380,1,.5434543126402446,5
380,2,-.2017350369838216,5
380,3,1.321964973674769,5
380,4,-1.639954560010287,5
380,5,1.023507369288809,5
381,1,-1.200876352746358,5
381,2,-.5238014534954394,5
381,3,1.456686572720204,5
381,4,.7045560416998573,5
381,5,2.679176584130882,5
382,1,.9248266441164743,5
382,2,-1.70238544992225,5
382,3,-1.145309794291378,5
382,4,-1.381436919194209,5
382,5,1.955112787924116,5
383,1,-.5816438343975924,5
383,2,-.390790517356403,5
383,3,-1.20495128779669,5
383,4,-.879388027677788,5
383,5,-.8275909315690206,5
384,1,.0210143357626427,5
384,2,-.7935333425630418,5
384,3,.2982066153034587,5
384,4,.6469827612088016,5
384,5,.0678101682344492,5
385,1,1.121846862171642,5
385,2,.5093682037693568,5
385,3,-.4588993577754624,5
385,4,.3253960585358877,5
385,5,.4730756298818413,5
386,1,1.397051006743351,5
386,2,.6335879452587032,5
386,3,-.0957067493281653,5
386,4,.2943275936922587,5
386,5,2.290382394173781,5
387,1,-1.176970940388328,5
387,2,-1.390338589899731,5
387,3,-.9827944498178021,5
387,4,-.9161973938666546,5
387,5,.1509849681687211,5
388,1,1.68534426690152,5
388,2,3.837149120843341,5
388,3,1.012757735849989,5
388,4,-3.009852408001072,5
388,5,3.623988764921752,5
389,1,-.6388776497660179,5
389,2,.3689194591875674,5
389,3,-.5313150344084279,5
389,4,-.1084305032685997,5
389,5,.5968395375688049,5
390,1,-.6192642856643553,5
390,2,-1.559886115143815,5
390,3,.0982643372689863,5
390,4,-.27795926846983,5
390,5,.0538616291756927,5
391,1,.528015215995665,5
391,2,-.8992382122911371,5
391,3,.6007595968749326,5
391,4,.7944157426829296,5
391,5,1.221568978452126,5
392,1,-1.825900724079085,5
392,2,-2.217637647904089,5
392,3,.5190614572594736,5
392,4,.1075965854617129,5
392,5,.6715319260783174,5
393,1,.2087132211231855,5
393,2,.2706389415587875,5
393,3,.2917689691822467,5
393,4,.0516923700366616,5
393,5,2.040143285266474,5
394,1,-1.969311946502703,5
394,2,-1.917045132004082,5
394,3,-.0430913806471593,5
394,4,-.7198090674459051,5
394,5,-1.640181893075062,5
395,1,-.6750481694805097,5
395,2,-.7817720940048507,5
395,3,.9785360953438792,5
395,4,.7922181793712706,5
395,5,.2242529049396321,5
396,1,-4.068338783104847,5
396,2,-.2767859395032617,5
396,3,-1.290043443203522,5
396,4,-.213830646766193,5
396,5,-2.142809430682238,5
397,1,1.106179301715315,5
397,2,1.870569033523752,5
397,3,-.8930199024553057,5
397,4,.3778919351483246,5
397,5,1.816409037861847,5
398,1,-.0892312920125529,5
398,2,-2.353714013460928,5
398,3,-.0065697482261208,5
398,4,-.7326888931232551,5
398,5,2.181224201272173,5
399,1,1.189231694034105,5
399,2,1.527479061483958,5
399,3,1.576869476575099,5
399,4,.9245086993577976,5
399,5,2.024425458418478,5
400,1,.2359064929890684,5
400,2,1.696755305603153,5
400,3,1.102122409544015,5
400,4,1.438190113506604,5
400,5,.5564567524310096,5
401,1,-1.510816854220284,5
401,2,.5907187508269218,5
401,3,1.469773583101617,5
401,4,.265737333965149,5
401,5,1.01396559415072,5
402,1,1.506404085710058,5
402,2,2.639977457182432,5
402,3,1.365884194979111,5
402,4,.4831784696646995,5
402,5,1.514217841351614,5
403,1,3.297052032638674,5
403,2,1.04971787663347,5
403,3,3.039374145960416,5
403,4,1.410604596473289,5
403,5,2.679805420080159,5
404,1,-1.835234525077732,5
404,2,-1.288958131019047,5
404,3,-.420552185322762,5
404,4,.8599669167225941,5
404,5,-.2598907065553084,5
405,1,3.233699589957829,5
405,2,2.320544999791396,5
405,3,1.106874293505995,5
405,4,2.761323063382738,5
405,5,3.140245277160914,5
406,1,3.296379181104494,5
406,2,.5861156491742674,5
406,3,.417083033205453,5
406,4,.5030306090329392,5
406,5,2.359253362398245,5
407,1,.2272255852347779,5
407,2,1.369554630339068,5
407,3,.5589085986853183,5
407,4,-.2116750490156187,5
407,5,2.421719690885783,5
408,1,1.858273298661084,5
408,2,.3483432647919271,5
408,3,.1748520943052489,5
408,4,-.438608690098037,5
408,5,1.270226856589075,5
409,1,.9408883381376625,5
409,2,.9776696620017629,5
409,3,4.935560251411605,5
409,4,2.581085934708987,5
409,5,4.258360578680787,5
410,1,-.7064024446818931,5
410,2,.01801610381521,5
410,3,-.1023974295289698,5
410,4,.6208262902330255,5
410,5,1.506515580284352,5
411,1,-.6431466543745195,5
411,2,-.4862737535341861,5
411,3,-1.742174242676673,5
411,4,1.010609213059049,5
411,5,-.0003565148912281,5
412,1,-.1299181618264492,5
412,2,.164717349928412,5
412,3,-1.35660507105764,5
412,4,-.4333563447899915,5
412,5,.8568402689982061,5
413,1,.4152846754557776,5
413,2,-.4818629899462478,5
413,3,.2465365025476037,5
413,4,-.8591417431090327,5
413,5,-.7523968120557335,5
414,1,-.1131442959598492,5
414,2,.8852607017099574,5
414,3,1.386037013387465,5
414,4,1.383533436345725,5
414,5,4.255927426803008,5
415,1,-.0623355910545043,5
415,2,1.81082903142931,5
415,3,.0962122019515589,5
415,4,-.9951737256597668,5
415,5,2.751787111867631,5
416,1,.1888103984846908,5
416,2,.9867189722368702,5
416,3,1.119348969685233,5
416,4,2.599942840832988,5
416,5,.2882883344287892,5
417,1,-.5100645205941383,5
417,2,1.593601309206059,5
417,3,-1.410085830583197,5
417,4,1.188226369668114,5
417,5,1.405600095360817,5
418,1,.3761413305075573,5
418,2,1.364345781173297,5
418,3,2.204797375825905,5
418,4,1.556343713222017,5
418,5,1.488177191082226,5
419,1,1.047678904158326,5
419,2,.76957505775498,5
419,3,2.320528595172799,5
419,4,.307616224537392,5
419,5,2.163838241229493,5
420,1,-.1138318586541137,5
420,2,1.390708987023903,5
420,3,.3553824065679789,5
420,4,.6373432767369065,5
420,5,.7697641618946343,5
421,1,1.549403299130002,5
421,2,2.265816071073995,5
421,3,2.462636212791658,5
421,4,-.4041831380336736,5
421,5,2.267403769322129,5
422,1,-.2574728673983982,5
422,2,-1.127998954972115,5
422,3,1.310978032580446,5
422,4,1.040736926426194,5
422,5,3.262042380251341,5
423,1,-.3475576507870126,5
423,2,-1.108316357805615,5
423,3,2.177661926382892,5
423,4,1.863463122998871,5
423,5,1.798495700350344,5
424,1,-1.478974945295993,5
424,2,.553399990015226,5
424,3,-1.989116231102229,5
424,4,-3.718615068527671,5
424,5,.4935165485077433,5
425,1,.1434379240521869,5
425,2,-.5855067631091724,5
425,3,-.0520884639825006,5
425,4,.2558938731384766,5
425,5,-.6697931475844378,5
426,1,.2875860956386657,5
426,2,.206340735845877,5
426,3,-.5243304585501988,5
426,4,-.6975867683638903,5
426,5,-.1966107281507263,5
427,1,-1.131404077601244,5
427,2,.4389844519606622,5
427,3,-.8485166591922813,5
427,4,-.5064617276096767,5
427,5,.1117891092309072,5
428,1,1.120129632656588,5
428,2,1.804630038860822,5
428,3,-.953508025407941,5
428,4,.0347970072369264,5
428,5,2.724613808704841,5
429,1,-.1430516280428625,5
429,2,-1.390368571086509,5
429,3,-1.332767981149815,5
429,4,.7129383208821601,5
429,5,-.428436223500521,5
430,1,-.9267246715610494,5
430,2,.7398183864275044,5
430,3,1.013945195251019,5
430,4,1.168246072293208,5
430,5,1.738640270690944,5
431,1,.78017377168905,5
431,2,1.679860877125206,5
431,3,.3393168100013669,5
431,4,-.5833769190587512,5
431,5,2.506298912757018,5
432,1,1.548717656589118,5
432,2,2.048851501837373,5
432,3,.3952836179044106,5
432,4,2.800681645768639,5
432,5,1.372317255463365,5
433,1,-1.420217873811867,5
433,2,-.1074281616458739,5
433,3,2.804628970394664,5
433,4,1.302610977223404,5
433,5,-.3745408232435941,5
434,1,-1.013844821550977,5
434,2,.5893740926602369,5
434,3,-2.514761659003406,5
434,4,-3.171588274629814,5
434,5,.1873646313691251,5
435,1,-1.626733824812193,5
435,2,-1.040258642907939,5
435,3,.2682437328579172,5
435,4,-.9030727224356303,5
435,5,-.9178002122308533,5
436,1,-.6990101961118973,5
436,2,-.6961358479880083,5
436,3,.0882143831316324,5
436,4,.6920966818653593,5
436,5,.7713757571428107,5
437,1,-1.325157942096382,5
437,2,.7433899191716764,5
437,3,-1.266028379204334,5
437,4,-.428987853309454,5
437,5,.0372803781920191,5
438,1,-.3806993064298301,5
438,2,-2.194707373482164,5
438,3,-1.144996642334349,5
438,4,-.229666739478285,5
438,5,-1.227812206253408,5
439,1,-.2986358356313102,5
439,2,1.277651638075653,5
439,3,.425330530792143,5
439,4,.8325815861528305,5
439,5,2.005020912792955,5
440,1,-1.286622527542817,5
440,2,.550023282173316,5
440,3,-.9130817446218037,5
440,4,.5257216380416688,5
440,5,-1.693581844190668,5
441,1,1.763884257488682,5
441,2,-1.01610944271613,5
441,3,.7750063651400165,5
441,4,.8556006982857312,5
441,5,2.163573196171024,5
442,1,-.1653964037718463,5
442,2,.1858574498078018,5
442,3,1.216602542145588,5
442,4,.3671173368426969,5
442,5,.8538282794425902,5
443,1,.0978098345215863,5
443,2,.9135542508515531,5
443,3,.6386237845389899,5
443,4,.437385891716202,5
443,5,2.068647962150563,5
444,1,1.063004100581708,5
444,2,2.452668456002846,5
444,3,1.203721576535041,5
444,4,.2173200400356079,5
444,5,-.3648288811990781,5
445,1,-.4969538570526678,5
445,2,-.6236923211439934,5
445,3,-.2377162353492931,5
445,4,.8591397908437174,5
445,5,1.542374850938448,5
446,1,-.6443784611575587,5
446,2,-.7974632209460443,5
446,3,-1.985806411632125,5
446,4,-.4257411086815468,5
446,5,-.417368140304275,5
447,1,-.8730533254709874,5
447,2,-2.387673967219024,5
447,3,-.4557004874527392,5
447,4,-1.140707759199815,5
447,5,-.830674238967965,5
448,1,.3636665768633829,5
448,2,-.3694152133005496,5
448,3,-.5066665420540646,5
448,4,-.3038262824817889,5
448,5,-.0691657297011742,5
449,1,-3.103917175015822,5
449,2,-1.227243774580282,5
449,3,-2.317399434813219,5
449,4,.2355632859214006,5
449,5,-.2787537739562037,5
450,1,1.939511398832968,5
450,2,.7659897644365739,5
450,3,1.287797279709165,5
450,4,-.0161367165796655,5
450,5,2.313346903785684,5
451,1,-2.843601696777748,0
451,2,-1.497488314684025,0
451,3,-.6724499939229828,0
451,4,-.6058267935221394,0
451,5,-.4904963688180717,0
452,1,.3615990020240036,0
452,2,-.5264132450372674,0
452,3,.4565204260477785,0
452,4,1.228850714114621,0
452,5,1.026517344753028,0
453,1,.080844246099138,0
453,2,-.1308306931022567,0
453,3,.5015680542685959,0
453,4,1.481298105881789,0
453,5,-1.22125478880239,0
454,1,-1.593122237055045,0
454,2,-1.224591777479293,0
454,3,1.344450027264434,0
454,4,-.6041394518577388,0
454,5,-.1430665714501282,0
455,1,.0322734022842943,0
455,2,-1.455901637626189,0
455,3,.2441252608337756,0
455,4,.745150373721756,0
455,5,-.7964036801693497,0
456,1,1.714021036705436,0
456,2,2.040685470407428,0
456,3,1.435934384291463,0
456,4,2.548409913791903,0
456,5,2.655379981010982,0
457,1,1.235997538392917,0
457,2,2.293400437682343,0
457,3,2.883002246497982,0
457,4,1.113403155907918,0
457,5,2.751910326850525,0
458,1,1.534540813830349,0
458,2,.1558229025237824,0
458,3,.0275446981176064,0
458,4,-.5556836151134191,0
458,5,1.063883809651846,0
459,1,1.142415186759823,0
459,2,-.4637224902652384,0
459,3,.0244458650642675,0
459,4,.4940606419654763,0
459,5,.3811194868482296,0
460,1,-.5985639475060107,0
460,2,1.446226182559628,0
460,3,.3680760287563318,0
460,4,-.3186596749342657,0
460,5,-.0431069091174451,0
461,1,.4589203711497986,0
461,2,1.31232814669009,0
461,3,1.598757254410733,0
461,4,1.72449283116789,0
461,5,1.755717345281422,0
462,1,-.4025921183248173,0
462,2,-1.845230715385634,0
462,3,.7631119651660996,0
462,4,.9946139432075157,0
462,5,.3371646231001827,0
463,1,-1.140030864997624,0
463,2,.3581667312383315,0
463,3,-1.404192850787587,0
463,4,.1563942278692844,0
463,5,.7029457398309253,0
464,1,-.0534425314423593,0
464,2,-.4814151503406261,0
464,3,-.7351989320601066,0
464,4,-2.531747973676406,0
464,5,1.13566819946129,0
465,1,2.187576230393193,0
465,2,-.2369188697986477,0
465,3,-.4288602029572303,0
465,4,1.513173337994286,0
465,5,1.736536637646292,0
466,1,3.602387368527339,0
466,2,2.80694248416137,0
466,3,1.293943579648472,0
466,4,3.058759225582425,0
466,5,.4532637913716437,0
467,1,-.5104809630876423,0
467,2,-4.309997281978009,0
467,3,-2.036875434560693,0
467,4,-1.276250319949221,0
467,5,.4703917431076809,0
468,1,.239314379580343,0
468,2,1.590110142767844,0
468,3,.7138361856006228,0
468,4,.8751646427544468,0
468,5,.14609122075068,0
469,1,-.8401601657102278,0
469,2,-1.370088626192906,0
469,3,-1.683616724950761,0
469,4,.4415069812826665,0
469,5,-.2694978718321129,0
470,1,2.248438838766513,0
470,2,1.49745469267948,0
470,3,-.0757985695829498,0
470,4,.1527985405108103,0
470,5,1.40159579484622,0
471,1,-1.609483879888376,0
471,2,-2.996951274227217,0
471,3,-2.419097877135493,0
471,4,-2.244797320486942,0
471,5,-4.33119839024023,0
472,1,-1.778277846246656,0
472,2,-.5706562158377917,0
472,3,-2.559435117020859,0
472,4,.1269611880231231,0
472,5,.0256484979307927,0
473,1,1.291352216922606,0
473,2,1.420030269130017,0
473,3,1.753574888909734,0
473,4,.6024887972654467,0
473,5,.0424487750549599,0
474,1,.0518735412172863,0
474,2,-.4550424238360549,0
474,3,-1.632787179011086,0
474,4,.4967360688927775,0
474,5,-.1024701476718473,0
475,1,-.0533614459217254,0
475,2,-1.916600139758838,0
475,3,-2.150657984575685,0
475,4,-.506397638293589,0
475,5,-2.217408398020732,0
476,1,1.243533481675672,0
476,2,.4176142488447459,0
476,3,.7787630635135396,0
476,4,1.54301342037083,0
476,5,.6529331440837325,0
477,1,-.148983948920254,0
477,2,.5595489617779301,0
477,3,-.5818867055356229,0
477,4,.2463136647363779,0
477,5,-.6165779109559799,0
478,1,-1.877657087556472,0
478,2,-.8099065236629077,0
478,3,-.5608399711432086,0
478,4,.6697111916019167,0
478,5,-.595857946129331,0
479,1,-2.354664741936319,0
479,2,-.5905472138995771,0
479,3,-1.851028617879332,0
479,4,-.2568201738899543,0
479,5,-2.584395370369624,0
480,1,.2644457074081891,0
480,2,2.084081561801731,0
480,3,1.985477056958394,0
480,4,1.129868322845122,0
480,5,2.194837357280548,0
481,1,1.640604459274639,0
481,2,.8951252032141537,0
481,3,2.766782254229607,0
481,4,.7621089205233025,0
481,5,2.537521456727052,0
482,1,-1.369471226112691,0
482,2,-.8378933577506013,0
482,3,-1.085826361801865,0
482,4,-1.234665227342102,0
482,5,-1.271007471647027,0
483,1,-1.448271747834606,0
483,2,.3458389685791863,0
483,3,.9679692456603201,0
483,4,-.1738986163465452,0
483,5,-1.431267745789714,0
484,1,1.886770248914987,0
484,2,.4839531961209795,0
484,3,2.823504941525897,0
484,4,1.047888999294873,0
484,5,2.714310198932177,0
485,1,-.1783757754496106,0
485,2,.6904396994607259,0
485,3,-.2786541799151435,0
485,4,.0469288903782903,0
485,5,-.1028433241944144,0
486,1,.1445376870345928,0
486,2,.5161760751892601,0
486,3,.4036905583082052,0
486,4,.5424864860518206,0
486,5,-.0704750912565208,0
487,1,-.5806557592239389,0
487,2,-.7240053921368682,0
487,3,-1.961465428887,0
487,4,.189441827031504,0
487,5,-.9277850072396434,0
488,1,.404079343465143,0
488,2,-.6241297247684756,0
488,3,-.032211868208719,0
488,4,1.312353079210308,0
488,5,3.297022078357773,0
489,1,.3356690431241276,0
489,2,-.8777778006442033,0
489,3,.7551827448796598,0
489,4,.0223817978353409,0
489,5,-1.203169357235648,0
490,1,.94471604678003,0
490,2,3.287784835530153,0
490,3,1.037304377451178,0
490,4,2.371844413303133,0
490,5,.3870033020592367,0
491,1,-.2689341263116681,0
491,2,.1042729742268256,0
491,3,1.505401733429415,0
491,4,1.602135631258053,0
491,5,1.509140109081832,0
492,1,-2.178584775353971,0
492,2,-.0667855600061373,0
492,3,-.914452505739944,0
492,4,-.9755406199048126,0
492,5,-.7722179489627367,0
493,1,2.194359835039474,0
493,2,-.3734903505260067,0
493,3,.7457309362831926,0
493,4,1.058101738845815,0
493,5,.6047567255216804,0
494,1,1.2122109957337,0
494,2,-2.773238067869431,0
494,3,-.5761047291090888,0
494,4,.1817976368284243,0
494,5,.5196102651093681,0
495,1,-.1657689470038779,0
495,2,2.245963170804902,0
495,3,.4212178229373196,0
495,4,.1160606835151559,0
495,5,2.099324370848831,0
496,1,.3400360072168758,0
496,2,-.8232888898168252,0
496,3,.1345388522216506,0
496,4,-1.236388807279345,0
496,5,-.0122385641901638,0
497,1,-.7988235204282406,0
497,2,-.7791684351323602,0
497,3,.2140029467466149,0
497,4,1.623468419776651,0
497,5,1.18455857689392,0
498,1,.4772704562791849,0
498,2,-.4337754103724526,0
498,3,-.3872824142993632,0
498,4,1.053996190883287,0
498,5,.726176819193341,0
499,1,.8838651343321375,0
499,2,-.0720456196335925,0
499,3,.9830590872139325,0
499,4,-.3698639365146776,0
499,5,.4940051771462515,0
500,1,.093356219376527,0
500,2,2.021150766704942,0
500,3,.8523249233954423,0
500,4,1.649548063528601,0
500,5,.4167274943588017,0
501,1,-.3923801746527235,0
501,2,-1.432227788494238,0
501,3,-.3077496795323222,0
501,4,-.228528938843186,0
501,5,-1.586551596010094,0
502,1,-.9796937307450195,0
502,2,-.4790675593204179,0
502,3,-1.012080986517031,0
502,4,1.432632164398227,0
502,5,.4818489815919501,0
503,1,.5496374541238201,0
503,2,.062275309251547,0
503,3,-.2779241990142411,0
503,4,-1.179820019610376,0
503,5,.2408340725788074,0
504,1,.6959100834955536,0
504,2,2.347433705154934,0
504,3,1.472081794568517,0
504,4,.2777284625705883,0
504,5,.0542596654337424,0
505,1,-3.593200932578108,0
505,2,-2.226265048669319,0
505,3,-2.557729300769292,0
505,4,-2.009187655361504,0
505,5,-1.539376539525998,0
506,1,2.311387890622867,0
506,2,.9187995530370098,0
506,3,.2043932298507629,0
506,4,.647351576039229,0
506,5,.9638435425012852,0
507,1,1.905421710151611,0
507,2,1.273866305091366,0
507,3,-.2543129592914677,0
507,4,.4635703985349173,0
507,5,1.620430402585807,0
508,1,.467662129917234,0
508,2,1.62935434955665,0
508,3,-1.240595551110637,0
508,4,2.336136308267553,0
508,5,-.208649413458541,0
509,1,-1.75562687785932,0
509,2,-3.204953638638989,0
509,3,-2.464495115789628,0
509,4,-2.016893701373067,0
509,5,-3.450918733088951,0
510,1,.811981353548438,0
510,2,-1.797832155556097,0
510,3,1.403443469085159,0
510,4,.4248379727915226,0
510,5,.9623356584184354,0
511,1,-1.515279621777702,0
511,2,-.9295674832597083,0
511,3,-1.263279489988104,0
511,4,-2.370758680675982,0
511,5,-1.332862860624948,0
512,1,.8562455256031895,0
512,2,-1.291432490426797,0
512,3,1.938045133596615,0
512,4,-.3759946143508729,0
512,5,-.1614756324898237,0
513,1,2.243771198139568,0
513,2,1.423613279497598,0
513,3,2.024222146257909,0
513,4,.3734226730524561,0
513,5,1.473501305499958,0
514,1,1.637350011878559,0
514,2,3.464957582108625,0
514,3,-.3470097226090245,0
514,4,.1479837208994552,0
514,5,1.455217857542951,0
515,1,2.10753227450809,0
515,2,.6673189476163064,0
515,3,.9801725039704752,0
515,4,.6250978819576067,0
515,5,-.4653547452192055,0
516,1,.9260464014394214,0
516,2,3.591223084270472,0
516,3,.7969055902872363,0
516,4,.8463481953707717,0
516,5,1.963694340785491,0
517,1,1.605171833016438,0
517,2,.2635073263881733,0
517,3,1.780100831577285,0
517,4,.7852695129449401,0
517,5,.5567443270935705,0
518,1,-.7341393767151241,0
518,2,-1.684855078776434,0
518,3,-1.169201143619383,0
518,4,-1.998435194565837,0
518,5,1.489645212040346,0
519,1,-.6729903483394125,0
519,2,1.735497912721331,0
519,3,2.689405302764932,0
519,4,1.426266686811396,0
519,5,.5735776899506715,0
520,1,.0158292656531459,0
520,2,1.166094601731449,0
520,3,.8730931366790793,0
520,4,.9043011850144074,0
520,5,.8876559548974307,0
521,1,-.7838599606809304,0
521,2,1.078195117719206,0
521,3,-.9132739356108679,0
521,4,.1945658703066165,0
521,5,.3575280348850706,0
522,1,-1.707636472360589,0
522,2,-1.523275599411127,0
522,3,1.306826507283876,0
522,4,.979714272960555,0
522,5,-.3389355704260152,0
523,1,-.0785204767913178,0
523,2,-1.697224192342993,0
523,3,-.5150362837656379,0
523,4,-2.620553803738829,0
523,5,.9150970802779637,0
524,1,.415802066833967,0
524,2,.407268423511654,0
524,3,1.016542451929646,0
524,4,.4701638454242938,0
524,5,1.318248700603035,0
525,1,-1.271189829164619,0
525,2,-.8168226857261226,0
525,3,-2.630294256477967,0
525,4,-1.491269178042672,0
525,5,-1.719338268931883,0
526,1,-.4987409635590515,0
526,2,-.458915626896394,0
526,3,.2199171747284789,0
526,4,-2.537828479448082,0
526,5,-.3342186355443461,0
527,1,.5152952238440398,0
527,2,-1.113546424711605,0
527,3,1.854182480189749,0
527,4,.5321898337559078,0
527,5,1.050388777252139,0
528,1,-2.383601602143849,0
528,2,-.2754721160491498,0
528,3,-.6336290610897547,0
528,4,.0807937299037248,0
528,5,-.7131096983857649,0
529,1,-.757894749320155,0
529,2,-1.246304747977842,0
529,3,-.329404930014631,0
529,4,-.600284039068352,0
529,5,.0359359697798712,0
530,1,-.4481828695334144,0
530,2,.0974931755675645,0
530,3,-.1168260186869682,0
530,4,.3868719655414123,0
530,5,.3729902711744966,0
531,1,.5193920549268271,0
531,2,-1.444465531475563,0
531,3,1.106814390777193,0
531,4,3.181308590594333,0
531,5,-1.963246542611549,0
532,1,-.5964690579484428,0
532,2,.193054926374359,0
532,3,-.2359144876986791,0
532,4,.5499792616988173,0
532,5,-1.075073186886614,0
533,1,.4161854357409835,0
533,2,.5501807097447433,0
533,3,-.164768804074768,0
533,4,.8875368906425746,0
533,5,.4865914268218022,0
534,1,1.121072334067609,0
534,2,1.20370781333543,0
534,3,-.0507536617615295,0
534,4,1.197034488650472,0
534,5,-1.03840209143833,0
535,1,.0492478811607501,0
535,2,1.112544846100092,0
535,3,.0971427350417218,0
535,4,1.219902752102475,0
535,5,-2.083708325773776,0
536,1,.1462494416981546,0
536,2,-.1788631640903296,0
536,3,.732634558203467,0
536,4,.7271885895774246,0
536,5,-.1693686743847186,0
537,1,-1.846853101663503,0
537,2,.6223410182629476,0
537,3,.0884627766446738,0
537,4,-.3480099491358879,0
537,5,-.2314231358420059,0
538,1,1.951789916436793,0
538,2,2.066494445573618,0
538,3,1.97501033107902,0
538,4,2.238355158970693,0
538,5,1.538855781811105,0
539,1,.0366163505326417,0
539,2,.9281488479147888,0
539,3,.4631411756496225,0
539,4,1.698300822145282,0
539,5,1.659318617602717,0
540,1,.1060381591095163,0
540,2,1.588645498044393,0
540,3,.4246582437003402,0
540,4,1.78888973515739,0
540,5,-1.60969684237185,0
541,1,-.6262119123483636,0
541,2,-1.978390401659138,0
541,3,-1.303245190482687,0
541,4,-1.927739827111954,0
541,5,-1.124308733122235,0
542,1,-.6034799080591069,0
542,2,1.973282902436001,0
542,3,1.122917921949974,0
542,4,-.2845655719666503,0
542,5,-.0042690021218737,0
543,1,1.127918469802022,0
543,2,.4630066785601936,0
543,3,.5382600426728656,0
543,4,.3987881956858862,0
543,5,.4720009695556843,0
544,1,.8400372940003425,0
544,2,.5987412227310667,0
544,3,-.1964017029033855,0
544,4,2.082241338165358,0
544,5,1.460479547141096,0
545,1,-1.639810495521046,0
545,2,1.315228941170055,0
545,3,1.400761689386971,0
545,4,.7687581456388521,0
545,5,2.421758911181921,0
546,1,-.5509933541619052,0
546,2,1.231515446823731,0
546,3,1.132446442133407,0
546,4,-.8142973037105399,0
546,5,-.6376035351879805,0
547,1,1.068724066649707,0
547,2,-1.324815936466929,0
547,3,.759538461043107,0
547,4,-.3927953783521574,0
547,5,2.78000890607557,0
548,1,.9524912808352204,0
548,2,.3094527003932662,0
548,3,1.619885831066056,0
548,4,2.222676879699985,0
548,5,.0588771084672228,0
549,1,.7184560260175556,0
549,2,-.5965011895572441,0
549,3,-.4508944526882649,0
549,4,1.087342569859924,0
549,5,-.8622301180556974,0
550,1,-.7935899425991046,0
550,2,1.243257519526658,0
550,3,.0300062330521681,0
550,4,-.2532575695634804,0
550,5,-.3439515657470587,0
551,1,.4442432134658319,0
551,2,2.568980905613957,0
551,3,1.006475215253483,0
551,4,.9801580400793899,0
551,5,-.5316927689444122,0
552,1,2.168266012706835,0
552,2,.3947524076593734,0
552,3,2.823213971914602,0
552,4,-.2376761710577107,0
552,5,.9202485768106334,0
553,1,1.923361886093529,0
553,2,.0205279123193313,0
553,3,-.3580824198901031,0
553,4,.7018335421731042,0
553,5,.3426425892180284,0
554,1,.6369112722007106,0
554,2,.2980136727480129,0
554,3,.6732432413629397,0
554,4,1.204426917447565,0
554,5,1.875696399530813,0
555,1,1.28689277515919,0
555,2,.2965515125574546,0
555,3,.8318476319481289,0
555,4,1.221866521118142,0
555,5,1.930317582907843,0
556,1,2.676518729481576,0
556,2,.7412672249782384,0
556,3,2.035831321633241,0
556,4,2.460153106719183,0
556,5,2.969295018683461,0
557,1,-.3555118095206426,0
557,2,.7797659684605109,0
557,3,-1.056151058637853,0
557,4,.1004083794181425,0
557,5,.3732730644529458,0
558,1,-1.704460699261009,0
558,2,-2.345471627914537,0
558,3,.8479171369758709,0
558,4,-.30255607002045,0
558,5,.2484034568495075,0
559,1,-.1979368025906998,0
559,2,1.039545616998529,0
559,3,2.258114162267234,0
559,4,.8939351693637163,0
559,5,.7675837945549492,0
560,1,.5960706857244431,0
560,2,.5184888162278362,0
560,3,.8250995403990858,0
560,4,.177820092649137,0
560,5,-1.83291424779223,0
561,1,-1.207754487885978,0
561,2,-1.653604983288117,0
561,3,-.1551979977063676,0
561,4,.3051469309532462,0
561,5,-.3494558240379747,0
562,1,1.181264249905131,0
562,2,-.7226600224369328,0
562,3,.4342107052401951,0
562,4,-.3647514720128258,0
562,5,-.4964788594268611,0
563,1,.7332239609787453,0
563,2,1.821629048065566,0
563,3,-.6388545701723016,0
563,4,-1.800216108355523,0
563,5,.9654426875536453,0
564,1,-.2071963953039057,0
564,2,1.108562498170228,0
564,3,-.2514144629772888,0
564,4,.3925349128894534,0
564,5,-.8123072828654402,0
565,1,1.093478667365499,0
565,2,.4274401225109661,0
565,3,.6813794231261097,0
565,4,.5321938446515468,0
565,5,1.71628363542643,0
566,1,.326789202168473,0
566,2,-.7959866746502997,0
566,3,-2.138001229028311,0
566,4,-1.146016199864251,0
566,5,-.7258031875726393,0
567,1,-.3850719009203853,0
567,2,-.1349720767670985,0
567,3,-1.679099253876386,0
567,4,.7910641523863016,0
567,5,1.76691505571286,0
568,1,-.6581214917638823,0
568,2,.753884942768991,0
568,3,-2.912656771893078,0
568,4,.6881880546910509,0
568,5,-1.642482187092929,0
569,1,1.304941682499341,0
569,2,1.94390503015713,0
569,3,1.086623183688839,0
569,4,2.307924859460885,0
569,5,-.1331063002989272,0
570,1,1.368333972659479,0
570,2,1.389958438233691,0
570,3,1.451674985885264,0
570,4,1.460063154461347,0
570,5,1.44605668887695,0
571,1,-3.309651288465695,0
571,2,.2292949799068708,0
571,3,2.358679317051386,0
571,4,.6213290617142992,0
571,5,.8226123539390819,0
572,1,.3142378123895653,0
572,2,.959101599960697,0
572,3,1.246653922942322,0
572,4,.7581315634304884,0
572,5,2.197313449117019,0
573,1,-2.65142520435724,0
573,2,.3816398748068522,0
573,3,-1.545163345808838,0
573,4,-1.27520284145593,0
573,5,.6212378138902834,0
574,1,-.3446707646522524,0
574,2,-.7118564680047341,0
574,3,.1984422399026798,0
574,4,-1.258021530545465,0
574,5,1.140208800696951,0
575,1,-.45490649106078,0
575,2,1.440423730225217,0
575,3,-1.735596357771828,0
575,4,-1.825056852287619,0
575,5,-.4483732867364134,0
576,1,-.3726884567792809,0
576,2,-.4090939491762527,0
576,3,-.8533212274304727,0
576,4,.2837498656159189,0
576,5,-1.430280052014528,0
577,1,2.37545333942376,0
577,2,1.149589783403873,0
577,3,2.365837066770328,0
577,4,.84582087544741,0
577,5,2.594359322239866,0
578,1,2.491535774600365,0
578,2,1.721897151772704,0
578,3,.5424122103899418,0
578,4,.5419858194128949,0
578,5,.9625251539211106,0
579,1,-1.88058434007931,0
579,2,-.6303158830337398,0
579,3,.615714874713899,0
579,4,1.687135506630735,0
579,5,1.46421051085927,0
580,1,1.197848369142222,0
580,2,2.343951880682344,0
580,3,1.527316006409645,0
580,4,1.374600917918252,0
580,5,2.788945453137899,0
581,1,-.3054540925531016,0
581,2,.7956486424968737,0
581,3,.3055713709282676,0
581,4,.3663466717049769,0
581,5,-.0414623758814568,0
582,1,1.441818354559022,0
582,2,2.305350843549889,0
582,3,-.5328675558018529,0
582,4,-.6857904759681668,0
582,5,1.493217919796226,0
583,1,.5310579750393603,0
583,2,-1.904622505590733,0
583,3,-1.090750693495671,0
583,4,-.0549615784333404,0
583,5,-.3223436452908511,0
584,1,.9787632191100543,0
584,2,1.107879955631238,0
584,3,.7672426377067361,0
584,4,1.892273569602699,0
584,5,1.157644453302889,0
585,1,-.3418157593518569,0
585,2,-.0434063584588818,0
585,3,.7904387482765922,0
585,4,.2381521253180801,0
585,5,.5534624375630952,0
586,1,-1.201810378977918,0
586,2,-1.68247538795103,0
586,3,-.2426711416733408,0
586,4,-.0339316403110796,0
586,5,-1.173119882533712,0
587,1,-1.451447587213956,0
587,2,1.041158086105414,0
587,3,-.5882246702377667,0
587,4,1.042440965339987,0
587,5,-1.069882280693098,0
588,1,.6547254592472231,0
588,2,.689404275908257,0
588,3,1.749461767843154,0
588,4,-1.12761808030736,0
588,5,1.253426119823824,0
589,1,-.6547496877539101,0
589,2,-1.689482139593209,0
589,3,.2456449976349309,0
589,4,-1.012522735918363,0
589,5,-.8132623656393639,0
590,1,1.959322035036681,0
590,2,1.192374603655789,0
590,3,.5964493690536055,0
590,4,1.446125983168595,0
590,5,2.299119626694848,0
591,1,-.607794288234364,0
591,2,-.3095248266723352,0
591,3,-.0475728957238426,0
591,4,1.552619687578448,0
591,5,-.1196310226840245,0
592,1,-1.635471635180942,0
592,2,-1.746670989159944,0
592,3,-.5767059013174693,0
592,4,-1.150637485354482,0
592,5,.3806176351368843,0
593,1,1.290297033902423,0
593,2,3.380896039109834,0
593,3,2.237717711258911,0
593,4,2.313249218600493,0
593,5,.6913637941471049,0
594,1,-.0197057638322997,0
594,2,-1.902662484633417,0
594,3,-2.435010051391014,0
594,4,2.052796632571931,0
594,5,1.860098915673855,0
595,1,-1.632240046323741,0
595,2,-.2880699679562963,0
595,3,-.3007919518695559,0
595,4,-1.216479066424097,0
595,5,1.150583852482279,0
596,1,.3918870982524799,0
596,2,-.5591880356644267,0
596,3,-.7719148535078253,0
596,4,-1.088874618109791,0
596,5,1.083147193618143,0
597,1,.3705413016233385,0
597,2,1.542391415295562,0
597,3,2.475130906603717,0
597,4,1.364606602628166,0
597,5,.2286750518099279,0
598,1,.1864062717776558,0
598,2,1.557427484434522,0
598,3,.8157084984397041,0
598,4,2.930199847773252,0
598,5,-2.391023495806472,0
599,1,-.0719857982489014,0
599,2,-3.236090207280557,0
599,3,-1.258887792956157,0
599,4,-.9787846733971486,0
599,5,-1.122830673148293,0
600,1,-2.186932308895273,0
600,2,.6113248707350124,0
600,3,.4322608553124762,0
600,4,-1.8173927190458,0
600,5,2.187381620660192,0
